19,-15,8HwsJ5o7djnyCoNG5DMuqtM6rTQ=,wJL41xQjakhv5dRuXyIJ8BV6km8=
18,-15,8HwsJ5o7djnyCoNG5DMuqtM6rTQ=,wJL41xQjakhv5dRuXyIJ8BV6km8=
17,-15,8HwsJ5o7djnyCoNG5DMuqtM6rTQ=,wJL41xQjakhv5dRuXyIJ8BV6km8=
18,-14,8HwsJ5o7djnyCoNG5DMuqtM6rTQ=,wJL41xQjakhv5dRuXyIJ8BV6km8=
17,-14,8HwsJ5o7djnyCoNG5DMuqtM6rTQ=,wJL41xQjakhv5dRuXyIJ8BV6km8=
19,-6,9e+Tk9MJxEjR44xpflmqg9Zqgc0=,1+VHtw1Dp3ahb73W9hzHTx7bVs4=
18,-7,9e+Tk9MJxEjR44xpflmqg9Zqgc0=,1+VHtw1Dp3ahb73W9hzHTx7bVs4=
19,-14,8HwsJ5o7djnyCoNG5DMuqtM6rTQ=,wJL41xQjakhv5dRuXyIJ8BV6km8=
17,-6,9e+Tk9MJxEjR44xpflmqg9Zqgc0=,1+VHtw1Dp3ahb73W9hzHTx7bVs4=
17,-7,9e+Tk9MJxEjR44xpflmqg9Zqgc0=,1+VHtw1Dp3ahb73W9hzHTx7bVs4=
19,-7,9e+Tk9MJxEjR44xpflmqg9Zqgc0=,1+VHtw1Dp3ahb73W9hzHTx7bVs4=
17,-5,9e+Tk9MJxEjR44xpflmqg9Zqgc0=,1+VHtw1Dp3ahb73W9hzHTx7bVs4=
18,-3,9e+Tk9MJxEjR44xpflmqg9Zqgc0=,n/U4m0EOciBaQpbysstkoJLALb0=
19,-3,9e+Tk9MJxEjR44xpflmqg9Zqgc0=,n/U4m0EOciBaQpbysstkoJLALb0=
17,-3,rYiWqxVYZAlWEnon70HmYRJpXcU=,n/U4m0EOciBaQpbysstkoJLALb0=
16,-7,8HwsJ5o7djnyCoNG5DMuqtM6rTQ=,1+VHtw1Dp3ahb73W9hzHTx7bVs4=
17,-4,9e+Tk9MJxEjR44xpflmqg9Zqgc0=,n/U4m0EOciBaQpbysstkoJLALb0=
18,-4,9e+Tk9MJxEjR44xpflmqg9Zqgc0=,n/U4m0EOciBaQpbysstkoJLALb0=
16,-6,8HwsJ5o7djnyCoNG5DMuqtM6rTQ=,1+VHtw1Dp3ahb73W9hzHTx7bVs4=
18,-5,9e+Tk9MJxEjR44xpflmqg9Zqgc0=,1+VHtw1Dp3ahb73W9hzHTx7bVs4=
17,-2,9e+Tk9MJxEjR44xpflmqg9Zqgc0=,n/U4m0EOciBaQpbysstkoJLALb0=
18,-2,rYiWqxVYZAlWEnon70HmYRJpXcU=,n/U4m0EOciBaQpbysstkoJLALb0=
18,-11,8HwsJ5o7djnyCoNG5DMuqtM6rTQ=,wJL41xQjakhv5dRuXyIJ8BV6km8=
18,-6,9e+Tk9MJxEjR44xpflmqg9Zqgc0=,1+VHtw1Dp3ahb73W9hzHTx7bVs4=
17,-8,8HwsJ5o7djnyCoNG5DMuqtM6rTQ=,1+VHtw1Dp3ahb73W9hzHTx7bVs4=
18,-13,8HwsJ5o7djnyCoNG5DMuqtM6rTQ=,wJL41xQjakhv5dRuXyIJ8BV6km8=
19,-12,8HwsJ5o7djnyCoNG5DMuqtM6rTQ=,wJL41xQjakhv5dRuXyIJ8BV6km8=
19,-4,9e+Tk9MJxEjR44xpflmqg9Zqgc0=,n/U4m0EOciBaQpbysstkoJLALb0=
18,-8,8HwsJ5o7djnyCoNG5DMuqtM6rTQ=,1+VHtw1Dp3ahb73W9hzHTx7bVs4=
17,-9,8HwsJ5o7djnyCoNG5DMuqtM6rTQ=,wJL41xQjakhv5dRuXyIJ8BV6km8=
16,-11,8HwsJ5o7djnyCoNG5DMuqtM6rTQ=,wJL41xQjakhv5dRuXyIJ8BV6km8=
19,-5,9e+Tk9MJxEjR44xpflmqg9Zqgc0=,1+VHtw1Dp3ahb73W9hzHTx7bVs4=
18,-9,8HwsJ5o7djnyCoNG5DMuqtM6rTQ=,wJL41xQjakhv5dRuXyIJ8BV6km8=
16,-10,8HwsJ5o7djnyCoNG5DMuqtM6rTQ=,wJL41xQjakhv5dRuXyIJ8BV6km8=
18,-10,8HwsJ5o7djnyCoNG5DMuqtM6rTQ=,wJL41xQjakhv5dRuXyIJ8BV6km8=
16,-8,8HwsJ5o7djnyCoNG5DMuqtM6rTQ=,1+VHtw1Dp3ahb73W9hzHTx7bVs4=
17,-12,8HwsJ5o7djnyCoNG5DMuqtM6rTQ=,wJL41xQjakhv5dRuXyIJ8BV6km8=
16,-9,8HwsJ5o7djnyCoNG5DMuqtM6rTQ=,wJL41xQjakhv5dRuXyIJ8BV6km8=
18,-12,8HwsJ5o7djnyCoNG5DMuqtM6rTQ=,wJL41xQjakhv5dRuXyIJ8BV6km8=
17,-13,8HwsJ5o7djnyCoNG5DMuqtM6rTQ=,wJL41xQjakhv5dRuXyIJ8BV6km8=
17,-11,8HwsJ5o7djnyCoNG5DMuqtM6rTQ=,wJL41xQjakhv5dRuXyIJ8BV6km8=
19,-11,8HwsJ5o7djnyCoNG5DMuqtM6rTQ=,wJL41xQjakhv5dRuXyIJ8BV6km8=
17,-10,8HwsJ5o7djnyCoNG5DMuqtM6rTQ=,wJL41xQjakhv5dRuXyIJ8BV6km8=
16,-14,8HwsJ5o7djnyCoNG5DMuqtM6rTQ=,wJL41xQjakhv5dRuXyIJ8BV6km8=
16,-15,8HwsJ5o7djnyCoNG5DMuqtM6rTQ=,wJL41xQjakhv5dRuXyIJ8BV6km8=
19,-2,rYiWqxVYZAlWEnon70HmYRJpXcU=,n/U4m0EOciBaQpbysstkoJLALb0=
19,-9,8HwsJ5o7djnyCoNG5DMuqtM6rTQ=,wJL41xQjakhv5dRuXyIJ8BV6km8=
19,-13,8HwsJ5o7djnyCoNG5DMuqtM6rTQ=,wJL41xQjakhv5dRuXyIJ8BV6km8=
16,-12,8HwsJ5o7djnyCoNG5DMuqtM6rTQ=,wJL41xQjakhv5dRuXyIJ8BV6km8=
19,-8,8HwsJ5o7djnyCoNG5DMuqtM6rTQ=,1+VHtw1Dp3ahb73W9hzHTx7bVs4=
16,-13,8HwsJ5o7djnyCoNG5DMuqtM6rTQ=,wJL41xQjakhv5dRuXyIJ8BV6km8=
19,-10,8HwsJ5o7djnyCoNG5DMuqtM6rTQ=,wJL41xQjakhv5dRuXyIJ8BV6km8=
19,-16,8HwsJ5o7djnyCoNG5DMuqtM6rTQ=,wJL41xQjakhv5dRuXyIJ8BV6km8=
18,-16,8HwsJ5o7djnyCoNG5DMuqtM6rTQ=,wJL41xQjakhv5dRuXyIJ8BV6km8=
17,-16,8HwsJ5o7djnyCoNG5DMuqtM6rTQ=,wJL41xQjakhv5dRuXyIJ8BV6km8=
16,-16,8HwsJ5o7djnyCoNG5DMuqtM6rTQ=,wJL41xQjakhv5dRuXyIJ8BV6km8=
16,-4,8HwsJ5o7djnyCoNG5DMuqtM6rTQ=,n/U4m0EOciBaQpbysstkoJLALb0=
19,-1,8HwsJ5o7djnyCoNG5DMuqtM6rTQ=,n/U4m0EOciBaQpbysstkoJLALb0=
17,-1,8HwsJ5o7djnyCoNG5DMuqtM6rTQ=,n/U4m0EOciBaQpbysstkoJLALb0=
18,-1,8HwsJ5o7djnyCoNG5DMuqtM6rTQ=,n/U4m0EOciBaQpbysstkoJLALb0=
16,-5,8HwsJ5o7djnyCoNG5DMuqtM6rTQ=,1+VHtw1Dp3ahb73W9hzHTx7bVs4=
16,-1,8HwsJ5o7djnyCoNG5DMuqtM6rTQ=,n/U4m0EOciBaQpbysstkoJLALb0=
16,-3,8HwsJ5o7djnyCoNG5DMuqtM6rTQ=,n/U4m0EOciBaQpbysstkoJLALb0=
16,-2,8HwsJ5o7djnyCoNG5DMuqtM6rTQ=,n/U4m0EOciBaQpbysstkoJLALb0=
18,-19,Hu2qq4tzId7W3tWywuK43iXtNjE=,O21pLRmDieMUqDo8eMUZ1EOa+Mw=
19,-17,eqM70Rb3kUETXnpRTXm+/TT3w/4=,O21pLRmDieMUqDo8eMUZ1EOa+Mw=
18,-18,Hu2qq4tzId7W3tWywuK43iXtNjE=,O21pLRmDieMUqDo8eMUZ1EOa+Mw=
17,-18,Hu2qq4tzId7W3tWywuK43iXtNjE=,O21pLRmDieMUqDo8eMUZ1EOa+Mw=
19,-19,Hu2qq4tzId7W3tWywuK43iXtNjE=,O21pLRmDieMUqDo8eMUZ1EOa+Mw=
16,-20,eqM70Rb3kUETXnpRTXm+/TT3w/4=,O21pLRmDieMUqDo8eMUZ1EOa+Mw=
18,-20,Hu2qq4tzId7W3tWywuK43iXtNjE=,O21pLRmDieMUqDo8eMUZ1EOa+Mw=
19,-18,Hu2qq4tzId7W3tWywuK43iXtNjE=,O21pLRmDieMUqDo8eMUZ1EOa+Mw=
16,-17,eqM70Rb3kUETXnpRTXm+/TT3w/4=,O21pLRmDieMUqDo8eMUZ1EOa+Mw=
18,-17,eqM70Rb3kUETXnpRTXm+/TT3w/4=,O21pLRmDieMUqDo8eMUZ1EOa+Mw=
16,-19,eqM70Rb3kUETXnpRTXm+/TT3w/4=,O21pLRmDieMUqDo8eMUZ1EOa+Mw=
17,-20,Hu2qq4tzId7W3tWywuK43iXtNjE=,O21pLRmDieMUqDo8eMUZ1EOa+Mw=
17,-19,Hu2qq4tzId7W3tWywuK43iXtNjE=,O21pLRmDieMUqDo8eMUZ1EOa+Mw=
17,-17,eqM70Rb3kUETXnpRTXm+/TT3w/4=,O21pLRmDieMUqDo8eMUZ1EOa+Mw=
16,-18,eqM70Rb3kUETXnpRTXm+/TT3w/4=,O21pLRmDieMUqDo8eMUZ1EOa+Mw=
19,-20,Hu2qq4tzId7W3tWywuK43iXtNjE=,O21pLRmDieMUqDo8eMUZ1EOa+Mw=
6,-20,9VaHQ1GrG3M/UjpO/9OYlrm9BmI=,bpFOQqNXtsiu8a5EcnS98f02SJI=
5,-18,9VaHQ1GrG3M/UjpO/9OYlrm9BmI=,bpFOQqNXtsiu8a5EcnS98f02SJI=
6,-19,9VaHQ1GrG3M/UjpO/9OYlrm9BmI=,bpFOQqNXtsiu8a5EcnS98f02SJI=
6,-18,9VaHQ1GrG3M/UjpO/9OYlrm9BmI=,bpFOQqNXtsiu8a5EcnS98f02SJI=
5,-19,9VaHQ1GrG3M/UjpO/9OYlrm9BmI=,bpFOQqNXtsiu8a5EcnS98f02SJI=
13,-19,QajEodAQAcdlewxGNG1342MoO3w=,AqyPKfRtAy1cVD974o30gPsTbDc=
7,-18,Tu2PVlVg8JekQt0SFJVPaRQskV0=,bpFOQqNXtsiu8a5EcnS98f02SJI=
5,-20,9VaHQ1GrG3M/UjpO/9OYlrm9BmI=,bpFOQqNXtsiu8a5EcnS98f02SJI=
12,-19,QajEodAQAcdlewxGNG1342MoO3w=,AqyPKfRtAy1cVD974o30gPsTbDc=
14,-20,QajEodAQAcdlewxGNG1342MoO3w=,AqyPKfRtAy1cVD974o30gPsTbDc=
12,-20,QajEodAQAcdlewxGNG1342MoO3w=,AqyPKfRtAy1cVD974o30gPsTbDc=
11,-18,QajEodAQAcdlewxGNG1342MoO3w=,Q9Pn37sGHjKBy+GMbSDYH5BKySI=
14,-19,QajEodAQAcdlewxGNG1342MoO3w=,AqyPKfRtAy1cVD974o30gPsTbDc=
11,-20,QajEodAQAcdlewxGNG1342MoO3w=,Q9Pn37sGHjKBy+GMbSDYH5BKySI=
8,-20,Tu2PVlVg8JekQt0SFJVPaRQskV0=,Q9Pn37sGHjKBy+GMbSDYH5BKySI=
12,-18,QajEodAQAcdlewxGNG1342MoO3w=,AqyPKfRtAy1cVD974o30gPsTbDc=
7,-20,Tu2PVlVg8JekQt0SFJVPaRQskV0=,bpFOQqNXtsiu8a5EcnS98f02SJI=
13,-20,QajEodAQAcdlewxGNG1342MoO3w=,AqyPKfRtAy1cVD974o30gPsTbDc=
7,-19,Tu2PVlVg8JekQt0SFJVPaRQskV0=,bpFOQqNXtsiu8a5EcnS98f02SJI=
8,-19,Tu2PVlVg8JekQt0SFJVPaRQskV0=,Q9Pn37sGHjKBy+GMbSDYH5BKySI=
9,-18,Tu2PVlVg8JekQt0SFJVPaRQskV0=,Q9Pn37sGHjKBy+GMbSDYH5BKySI=
11,-19,QajEodAQAcdlewxGNG1342MoO3w=,Q9Pn37sGHjKBy+GMbSDYH5BKySI=
13,-18,QajEodAQAcdlewxGNG1342MoO3w=,AqyPKfRtAy1cVD974o30gPsTbDc=
10,-19,Tu2PVlVg8JekQt0SFJVPaRQskV0=,Q9Pn37sGHjKBy+GMbSDYH5BKySI=
6,-17,Tu2PVlVg8JekQt0SFJVPaRQskV0=,bpFOQqNXtsiu8a5EcnS98f02SJI=
14,-18,QajEodAQAcdlewxGNG1342MoO3w=,AqyPKfRtAy1cVD974o30gPsTbDc=
9,-19,Tu2PVlVg8JekQt0SFJVPaRQskV0=,Q9Pn37sGHjKBy+GMbSDYH5BKySI=
10,-20,Tu2PVlVg8JekQt0SFJVPaRQskV0=,Q9Pn37sGHjKBy+GMbSDYH5BKySI=
8,-18,Tu2PVlVg8JekQt0SFJVPaRQskV0=,Q9Pn37sGHjKBy+GMbSDYH5BKySI=
10,-18,Tu2PVlVg8JekQt0SFJVPaRQskV0=,Q9Pn37sGHjKBy+GMbSDYH5BKySI=
4,-20,9VaHQ1GrG3M/UjpO/9OYlrm9BmI=,bpFOQqNXtsiu8a5EcnS98f02SJI=
5,-17,Tu2PVlVg8JekQt0SFJVPaRQskV0=,bpFOQqNXtsiu8a5EcnS98f02SJI=
3,-20,9VaHQ1GrG3M/UjpO/9OYlrm9BmI=,5TV4+9a+X3vaQOeD8qgd0BP4O94=
1,-20,9VaHQ1GrG3M/UjpO/9OYlrm9BmI=,5TV4+9a+X3vaQOeD8qgd0BP4O94=
3,-19,9VaHQ1GrG3M/UjpO/9OYlrm9BmI=,5TV4+9a+X3vaQOeD8qgd0BP4O94=
1,-19,9VaHQ1GrG3M/UjpO/9OYlrm9BmI=,5TV4+9a+X3vaQOeD8qgd0BP4O94=
2,-18,9VaHQ1GrG3M/UjpO/9OYlrm9BmI=,5TV4+9a+X3vaQOeD8qgd0BP4O94=
1,-18,9VaHQ1GrG3M/UjpO/9OYlrm9BmI=,5TV4+9a+X3vaQOeD8qgd0BP4O94=
3,-18,9VaHQ1GrG3M/UjpO/9OYlrm9BmI=,5TV4+9a+X3vaQOeD8qgd0BP4O94=
4,-19,9VaHQ1GrG3M/UjpO/9OYlrm9BmI=,bpFOQqNXtsiu8a5EcnS98f02SJI=
9,-20,Tu2PVlVg8JekQt0SFJVPaRQskV0=,Q9Pn37sGHjKBy+GMbSDYH5BKySI=
4,-18,9VaHQ1GrG3M/UjpO/9OYlrm9BmI=,bpFOQqNXtsiu8a5EcnS98f02SJI=
2,-19,9VaHQ1GrG3M/UjpO/9OYlrm9BmI=,5TV4+9a+X3vaQOeD8qgd0BP4O94=
2,-20,9VaHQ1GrG3M/UjpO/9OYlrm9BmI=,5TV4+9a+X3vaQOeD8qgd0BP4O94=
1,-17,Tu2PVlVg8JekQt0SFJVPaRQskV0=,5TV4+9a+X3vaQOeD8qgd0BP4O94=
2,-17,Tu2PVlVg8JekQt0SFJVPaRQskV0=,5TV4+9a+X3vaQOeD8qgd0BP4O94=
4,-17,Tu2PVlVg8JekQt0SFJVPaRQskV0=,bpFOQqNXtsiu8a5EcnS98f02SJI=
3,-17,Tu2PVlVg8JekQt0SFJVPaRQskV0=,5TV4+9a+X3vaQOeD8qgd0BP4O94=
0,-20,Tu2PVlVg8JekQt0SFJVPaRQskV0=,5TV4+9a+X3vaQOeD8qgd0BP4O94=
0,-19,QajEodAQAcdlewxGNG1342MoO3w=,5TV4+9a+X3vaQOeD8qgd0BP4O94=
0,-18,QajEodAQAcdlewxGNG1342MoO3w=,5TV4+9a+X3vaQOeD8qgd0BP4O94=
0,-17,QajEodAQAcdlewxGNG1342MoO3w=,5TV4+9a+X3vaQOeD8qgd0BP4O94=
9,-17,Tu2PVlVg8JekQt0SFJVPaRQskV0=,Q9Pn37sGHjKBy+GMbSDYH5BKySI=
15,-18,QajEodAQAcdlewxGNG1342MoO3w=,AqyPKfRtAy1cVD974o30gPsTbDc=
15,-19,QajEodAQAcdlewxGNG1342MoO3w=,AqyPKfRtAy1cVD974o30gPsTbDc=
7,-17,Tu2PVlVg8JekQt0SFJVPaRQskV0=,bpFOQqNXtsiu8a5EcnS98f02SJI=
15,-17,QajEodAQAcdlewxGNG1342MoO3w=,AqyPKfRtAy1cVD974o30gPsTbDc=
11,-17,QajEodAQAcdlewxGNG1342MoO3w=,Q9Pn37sGHjKBy+GMbSDYH5BKySI=
14,-17,QajEodAQAcdlewxGNG1342MoO3w=,AqyPKfRtAy1cVD974o30gPsTbDc=
8,-17,Tu2PVlVg8JekQt0SFJVPaRQskV0=,Q9Pn37sGHjKBy+GMbSDYH5BKySI=
10,-17,Tu2PVlVg8JekQt0SFJVPaRQskV0=,Q9Pn37sGHjKBy+GMbSDYH5BKySI=
12,-17,QajEodAQAcdlewxGNG1342MoO3w=,AqyPKfRtAy1cVD974o30gPsTbDc=
13,-17,QajEodAQAcdlewxGNG1342MoO3w=,AqyPKfRtAy1cVD974o30gPsTbDc=
15,-20,QajEodAQAcdlewxGNG1342MoO3w=,AqyPKfRtAy1cVD974o30gPsTbDc=
13,-3,Lg2nCtPpFGmFzhBgBWcBDCEl/Vc=,DauqN7GdK/73mrxvawq7DdUhsuE=
13,-2,Lg2nCtPpFGmFzhBgBWcBDCEl/Vc=,DauqN7GdK/73mrxvawq7DdUhsuE=
14,-2,Lg2nCtPpFGmFzhBgBWcBDCEl/Vc=,DauqN7GdK/73mrxvawq7DdUhsuE=
11,-2,Lg2nCtPpFGmFzhBgBWcBDCEl/Vc=,mm1eDMfGHtCUGdR7/Exqy1QL4T4=
11,-3,Lg2nCtPpFGmFzhBgBWcBDCEl/Vc=,mm1eDMfGHtCUGdR7/Exqy1QL4T4=
14,-3,Lg2nCtPpFGmFzhBgBWcBDCEl/Vc=,DauqN7GdK/73mrxvawq7DdUhsuE=
9,-2,Lg2nCtPpFGmFzhBgBWcBDCEl/Vc=,mm1eDMfGHtCUGdR7/Exqy1QL4T4=
10,-2,Lg2nCtPpFGmFzhBgBWcBDCEl/Vc=,mm1eDMfGHtCUGdR7/Exqy1QL4T4=
12,-3,Lg2nCtPpFGmFzhBgBWcBDCEl/Vc=,DauqN7GdK/73mrxvawq7DdUhsuE=
12,-2,Lg2nCtPpFGmFzhBgBWcBDCEl/Vc=,DauqN7GdK/73mrxvawq7DdUhsuE=
10,-3,Lg2nCtPpFGmFzhBgBWcBDCEl/Vc=,mm1eDMfGHtCUGdR7/Exqy1QL4T4=
9,-3,Lg2nCtPpFGmFzhBgBWcBDCEl/Vc=,mm1eDMfGHtCUGdR7/Exqy1QL4T4=
14,-5,Lg2nCtPpFGmFzhBgBWcBDCEl/Vc=,npvZzX/4DfPSxNaGmVzSCLRGVus=
14,-6,Lg2nCtPpFGmFzhBgBWcBDCEl/Vc=,npvZzX/4DfPSxNaGmVzSCLRGVus=
13,-7,Lg2nCtPpFGmFzhBgBWcBDCEl/Vc=,npvZzX/4DfPSxNaGmVzSCLRGVus=
14,-7,Lg2nCtPpFGmFzhBgBWcBDCEl/Vc=,npvZzX/4DfPSxNaGmVzSCLRGVus=
13,-5,Lg2nCtPpFGmFzhBgBWcBDCEl/Vc=,npvZzX/4DfPSxNaGmVzSCLRGVus=
13,-6,Lg2nCtPpFGmFzhBgBWcBDCEl/Vc=,npvZzX/4DfPSxNaGmVzSCLRGVus=
14,-4,Lg2nCtPpFGmFzhBgBWcBDCEl/Vc=,DauqN7GdK/73mrxvawq7DdUhsuE=
12,-4,Lg2nCtPpFGmFzhBgBWcBDCEl/Vc=,DauqN7GdK/73mrxvawq7DdUhsuE=
12,-6,Lg2nCtPpFGmFzhBgBWcBDCEl/Vc=,npvZzX/4DfPSxNaGmVzSCLRGVus=
13,-4,Lg2nCtPpFGmFzhBgBWcBDCEl/Vc=,DauqN7GdK/73mrxvawq7DdUhsuE=
11,-6,Lg2nCtPpFGmFzhBgBWcBDCEl/Vc=,mm1eDMfGHtCUGdR7/Exqy1QL4T4=
12,-5,Lg2nCtPpFGmFzhBgBWcBDCEl/Vc=,npvZzX/4DfPSxNaGmVzSCLRGVus=
9,-5,Lg2nCtPpFGmFzhBgBWcBDCEl/Vc=,mm1eDMfGHtCUGdR7/Exqy1QL4T4=
10,-4,Lg2nCtPpFGmFzhBgBWcBDCEl/Vc=,mm1eDMfGHtCUGdR7/Exqy1QL4T4=
10,-6,Lg2nCtPpFGmFzhBgBWcBDCEl/Vc=,mm1eDMfGHtCUGdR7/Exqy1QL4T4=
9,-6,Lg2nCtPpFGmFzhBgBWcBDCEl/Vc=,mm1eDMfGHtCUGdR7/Exqy1QL4T4=
11,-5,Lg2nCtPpFGmFzhBgBWcBDCEl/Vc=,mm1eDMfGHtCUGdR7/Exqy1QL4T4=
11,-4,Lg2nCtPpFGmFzhBgBWcBDCEl/Vc=,mm1eDMfGHtCUGdR7/Exqy1QL4T4=
10,-5,Lg2nCtPpFGmFzhBgBWcBDCEl/Vc=,mm1eDMfGHtCUGdR7/Exqy1QL4T4=
11,-7,Lg2nCtPpFGmFzhBgBWcBDCEl/Vc=,mm1eDMfGHtCUGdR7/Exqy1QL4T4=
9,-4,Lg2nCtPpFGmFzhBgBWcBDCEl/Vc=,mm1eDMfGHtCUGdR7/Exqy1QL4T4=
9,-7,Lg2nCtPpFGmFzhBgBWcBDCEl/Vc=,mm1eDMfGHtCUGdR7/Exqy1QL4T4=
12,-7,Lg2nCtPpFGmFzhBgBWcBDCEl/Vc=,npvZzX/4DfPSxNaGmVzSCLRGVus=
10,-7,Lg2nCtPpFGmFzhBgBWcBDCEl/Vc=,mm1eDMfGHtCUGdR7/Exqy1QL4T4=
7,-6,Lklq1sqf1e66WEVDPlLECXOH9pQ=,mm1eDMfGHtCUGdR7/Exqy1QL4T4=
5,-7,Lklq1sqf1e66WEVDPlLECXOH9pQ=,mm1eDMfGHtCUGdR7/Exqy1QL4T4=
5,-6,Lklq1sqf1e66WEVDPlLECXOH9pQ=,mm1eDMfGHtCUGdR7/Exqy1QL4T4=
6,-7,Lklq1sqf1e66WEVDPlLECXOH9pQ=,mm1eDMfGHtCUGdR7/Exqy1QL4T4=
7,-7,Lklq1sqf1e66WEVDPlLECXOH9pQ=,mm1eDMfGHtCUGdR7/Exqy1QL4T4=
6,-6,Lklq1sqf1e66WEVDPlLECXOH9pQ=,mm1eDMfGHtCUGdR7/Exqy1QL4T4=
8,-6,Lklq1sqf1e66WEVDPlLECXOH9pQ=,mm1eDMfGHtCUGdR7/Exqy1QL4T4=
6,-9,Lklq1sqf1e66WEVDPlLECXOH9pQ=,u5zeeNpKnd94EifUIRxOaC6aIUI=
6,-10,Lklq1sqf1e66WEVDPlLECXOH9pQ=,u5zeeNpKnd94EifUIRxOaC6aIUI=
8,-7,Lklq1sqf1e66WEVDPlLECXOH9pQ=,mm1eDMfGHtCUGdR7/Exqy1QL4T4=
5,-10,Lklq1sqf1e66WEVDPlLECXOH9pQ=,u5zeeNpKnd94EifUIRxOaC6aIUI=
6,-11,Lklq1sqf1e66WEVDPlLECXOH9pQ=,u5zeeNpKnd94EifUIRxOaC6aIUI=
5,-9,Lklq1sqf1e66WEVDPlLECXOH9pQ=,u5zeeNpKnd94EifUIRxOaC6aIUI=
5,-11,Lklq1sqf1e66WEVDPlLECXOH9pQ=,u5zeeNpKnd94EifUIRxOaC6aIUI=
5,-8,Lklq1sqf1e66WEVDPlLECXOH9pQ=,mm1eDMfGHtCUGdR7/Exqy1QL4T4=
6,-8,Lklq1sqf1e66WEVDPlLECXOH9pQ=,mm1eDMfGHtCUGdR7/Exqy1QL4T4=
6,-13,Lklq1sqf1e66WEVDPlLECXOH9pQ=,bpFOQqNXtsiu8a5EcnS98f02SJI=
6,-12,Lklq1sqf1e66WEVDPlLECXOH9pQ=,u5zeeNpKnd94EifUIRxOaC6aIUI=
5,-12,Lklq1sqf1e66WEVDPlLECXOH9pQ=,u5zeeNpKnd94EifUIRxOaC6aIUI=
5,-15,Lklq1sqf1e66WEVDPlLECXOH9pQ=,bpFOQqNXtsiu8a5EcnS98f02SJI=
5,-5,2p3pXs4dFX0Q1Q5Ei2wW29DmxsY=,mm1eDMfGHtCUGdR7/Exqy1QL4T4=
5,-13,Lklq1sqf1e66WEVDPlLECXOH9pQ=,bpFOQqNXtsiu8a5EcnS98f02SJI=
5,-14,Lklq1sqf1e66WEVDPlLECXOH9pQ=,bpFOQqNXtsiu8a5EcnS98f02SJI=
6,-14,Lklq1sqf1e66WEVDPlLECXOH9pQ=,bpFOQqNXtsiu8a5EcnS98f02SJI=
6,-5,2p3pXs4dFX0Q1Q5Ei2wW29DmxsY=,mm1eDMfGHtCUGdR7/Exqy1QL4T4=
6,-15,Lklq1sqf1e66WEVDPlLECXOH9pQ=,bpFOQqNXtsiu8a5EcnS98f02SJI=
5,-2,2p3pXs4dFX0Q1Q5Ei2wW29DmxsY=,mm1eDMfGHtCUGdR7/Exqy1QL4T4=
7,-4,2p3pXs4dFX0Q1Q5Ei2wW29DmxsY=,mm1eDMfGHtCUGdR7/Exqy1QL4T4=
6,-2,2p3pXs4dFX0Q1Q5Ei2wW29DmxsY=,mm1eDMfGHtCUGdR7/Exqy1QL4T4=
6,-4,2p3pXs4dFX0Q1Q5Ei2wW29DmxsY=,mm1eDMfGHtCUGdR7/Exqy1QL4T4=
7,-2,2p3pXs4dFX0Q1Q5Ei2wW29DmxsY=,mm1eDMfGHtCUGdR7/Exqy1QL4T4=
8,-2,2p3pXs4dFX0Q1Q5Ei2wW29DmxsY=,mm1eDMfGHtCUGdR7/Exqy1QL4T4=
7,-5,2p3pXs4dFX0Q1Q5Ei2wW29DmxsY=,mm1eDMfGHtCUGdR7/Exqy1QL4T4=
7,-3,2p3pXs4dFX0Q1Q5Ei2wW29DmxsY=,mm1eDMfGHtCUGdR7/Exqy1QL4T4=
5,-4,2p3pXs4dFX0Q1Q5Ei2wW29DmxsY=,mm1eDMfGHtCUGdR7/Exqy1QL4T4=
8,-3,2p3pXs4dFX0Q1Q5Ei2wW29DmxsY=,mm1eDMfGHtCUGdR7/Exqy1QL4T4=
8,-5,2p3pXs4dFX0Q1Q5Ei2wW29DmxsY=,mm1eDMfGHtCUGdR7/Exqy1QL4T4=
8,-4,2p3pXs4dFX0Q1Q5Ei2wW29DmxsY=,mm1eDMfGHtCUGdR7/Exqy1QL4T4=
5,-3,2p3pXs4dFX0Q1Q5Ei2wW29DmxsY=,mm1eDMfGHtCUGdR7/Exqy1QL4T4=
6,-3,2p3pXs4dFX0Q1Q5Ei2wW29DmxsY=,mm1eDMfGHtCUGdR7/Exqy1QL4T4=
1,-15,2p3pXs4dFX0Q1Q5Ei2wW29DmxsY=,5TV4+9a+X3vaQOeD8qgd0BP4O94=
4,-14,2p3pXs4dFX0Q1Q5Ei2wW29DmxsY=,bpFOQqNXtsiu8a5EcnS98f02SJI=
3,-14,2p3pXs4dFX0Q1Q5Ei2wW29DmxsY=,5TV4+9a+X3vaQOeD8qgd0BP4O94=
2,-14,2p3pXs4dFX0Q1Q5Ei2wW29DmxsY=,5TV4+9a+X3vaQOeD8qgd0BP4O94=
4,-15,2p3pXs4dFX0Q1Q5Ei2wW29DmxsY=,bpFOQqNXtsiu8a5EcnS98f02SJI=
3,-15,2p3pXs4dFX0Q1Q5Ei2wW29DmxsY=,5TV4+9a+X3vaQOeD8qgd0BP4O94=
1,-14,2p3pXs4dFX0Q1Q5Ei2wW29DmxsY=,5TV4+9a+X3vaQOeD8qgd0BP4O94=
2,-15,2p3pXs4dFX0Q1Q5Ei2wW29DmxsY=,5TV4+9a+X3vaQOeD8qgd0BP4O94=
3,-12,2p3pXs4dFX0Q1Q5Ei2wW29DmxsY=,z8XyuL62JN1kbg4tnctJjBGvNhM=
1,-11,Lklq1sqf1e66WEVDPlLECXOH9pQ=,z8XyuL62JN1kbg4tnctJjBGvNhM=
2,-12,2p3pXs4dFX0Q1Q5Ei2wW29DmxsY=,z8XyuL62JN1kbg4tnctJjBGvNhM=
3,-10,Lklq1sqf1e66WEVDPlLECXOH9pQ=,z8XyuL62JN1kbg4tnctJjBGvNhM=
2,-10,Lklq1sqf1e66WEVDPlLECXOH9pQ=,z8XyuL62JN1kbg4tnctJjBGvNhM=
1,-12,2p3pXs4dFX0Q1Q5Ei2wW29DmxsY=,z8XyuL62JN1kbg4tnctJjBGvNhM=
4,-11,Lklq1sqf1e66WEVDPlLECXOH9pQ=,u5zeeNpKnd94EifUIRxOaC6aIUI=
4,-12,2p3pXs4dFX0Q1Q5Ei2wW29DmxsY=,u5zeeNpKnd94EifUIRxOaC6aIUI=
4,-13,2p3pXs4dFX0Q1Q5Ei2wW29DmxsY=,bpFOQqNXtsiu8a5EcnS98f02SJI=
1,-10,Lklq1sqf1e66WEVDPlLECXOH9pQ=,z8XyuL62JN1kbg4tnctJjBGvNhM=
3,-13,2p3pXs4dFX0Q1Q5Ei2wW29DmxsY=,5TV4+9a+X3vaQOeD8qgd0BP4O94=
1,-13,2p3pXs4dFX0Q1Q5Ei2wW29DmxsY=,5TV4+9a+X3vaQOeD8qgd0BP4O94=
2,-13,2p3pXs4dFX0Q1Q5Ei2wW29DmxsY=,5TV4+9a+X3vaQOeD8qgd0BP4O94=
2,-11,Lklq1sqf1e66WEVDPlLECXOH9pQ=,z8XyuL62JN1kbg4tnctJjBGvNhM=
4,-3,2p3pXs4dFX0Q1Q5Ei2wW29DmxsY=,mm1eDMfGHtCUGdR7/Exqy1QL4T4=
3,-11,Lklq1sqf1e66WEVDPlLECXOH9pQ=,z8XyuL62JN1kbg4tnctJjBGvNhM=
2,-2,2p3pXs4dFX0Q1Q5Ei2wW29DmxsY=,SuWoo67BNGGu6Sb6ix4pzbKQVsM=
1,-2,2p3pXs4dFX0Q1Q5Ei2wW29DmxsY=,SuWoo67BNGGu6Sb6ix4pzbKQVsM=
3,-2,2p3pXs4dFX0Q1Q5Ei2wW29DmxsY=,SuWoo67BNGGu6Sb6ix4pzbKQVsM=
4,-10,Lklq1sqf1e66WEVDPlLECXOH9pQ=,u5zeeNpKnd94EifUIRxOaC6aIUI=
1,-3,2p3pXs4dFX0Q1Q5Ei2wW29DmxsY=,SuWoo67BNGGu6Sb6ix4pzbKQVsM=
3,-3,2p3pXs4dFX0Q1Q5Ei2wW29DmxsY=,SuWoo67BNGGu6Sb6ix4pzbKQVsM=
2,-3,2p3pXs4dFX0Q1Q5Ei2wW29DmxsY=,SuWoo67BNGGu6Sb6ix4pzbKQVsM=
4,-2,2p3pXs4dFX0Q1Q5Ei2wW29DmxsY=,mm1eDMfGHtCUGdR7/Exqy1QL4T4=
1,-9,2p3pXs4dFX0Q1Q5Ei2wW29DmxsY=,z8XyuL62JN1kbg4tnctJjBGvNhM=
4,-6,2p3pXs4dFX0Q1Q5Ei2wW29DmxsY=,mm1eDMfGHtCUGdR7/Exqy1QL4T4=
2,-6,2p3pXs4dFX0Q1Q5Ei2wW29DmxsY=,z8XyuL62JN1kbg4tnctJjBGvNhM=
3,-4,2p3pXs4dFX0Q1Q5Ei2wW29DmxsY=,SuWoo67BNGGu6Sb6ix4pzbKQVsM=
3,-6,2p3pXs4dFX0Q1Q5Ei2wW29DmxsY=,z8XyuL62JN1kbg4tnctJjBGvNhM=
3,-7,2p3pXs4dFX0Q1Q5Ei2wW29DmxsY=,z8XyuL62JN1kbg4tnctJjBGvNhM=
2,-7,2p3pXs4dFX0Q1Q5Ei2wW29DmxsY=,z8XyuL62JN1kbg4tnctJjBGvNhM=
1,-5,2p3pXs4dFX0Q1Q5Ei2wW29DmxsY=,z8XyuL62JN1kbg4tnctJjBGvNhM=
1,-4,2p3pXs4dFX0Q1Q5Ei2wW29DmxsY=,SuWoo67BNGGu6Sb6ix4pzbKQVsM=
3,-8,2p3pXs4dFX0Q1Q5Ei2wW29DmxsY=,z8XyuL62JN1kbg4tnctJjBGvNhM=
1,-7,2p3pXs4dFX0Q1Q5Ei2wW29DmxsY=,z8XyuL62JN1kbg4tnctJjBGvNhM=
4,-9,2p3pXs4dFX0Q1Q5Ei2wW29DmxsY=,u5zeeNpKnd94EifUIRxOaC6aIUI=
2,-4,2p3pXs4dFX0Q1Q5Ei2wW29DmxsY=,SuWoo67BNGGu6Sb6ix4pzbKQVsM=
3,-5,2p3pXs4dFX0Q1Q5Ei2wW29DmxsY=,z8XyuL62JN1kbg4tnctJjBGvNhM=
1,-6,2p3pXs4dFX0Q1Q5Ei2wW29DmxsY=,z8XyuL62JN1kbg4tnctJjBGvNhM=
2,-5,2p3pXs4dFX0Q1Q5Ei2wW29DmxsY=,z8XyuL62JN1kbg4tnctJjBGvNhM=
4,-8,2p3pXs4dFX0Q1Q5Ei2wW29DmxsY=,mm1eDMfGHtCUGdR7/Exqy1QL4T4=
4,-4,2p3pXs4dFX0Q1Q5Ei2wW29DmxsY=,mm1eDMfGHtCUGdR7/Exqy1QL4T4=
2,-9,2p3pXs4dFX0Q1Q5Ei2wW29DmxsY=,z8XyuL62JN1kbg4tnctJjBGvNhM=
1,-8,2p3pXs4dFX0Q1Q5Ei2wW29DmxsY=,z8XyuL62JN1kbg4tnctJjBGvNhM=
4,-7,2p3pXs4dFX0Q1Q5Ei2wW29DmxsY=,mm1eDMfGHtCUGdR7/Exqy1QL4T4=
4,-5,2p3pXs4dFX0Q1Q5Ei2wW29DmxsY=,mm1eDMfGHtCUGdR7/Exqy1QL4T4=
2,-8,2p3pXs4dFX0Q1Q5Ei2wW29DmxsY=,z8XyuL62JN1kbg4tnctJjBGvNhM=
3,-9,2p3pXs4dFX0Q1Q5Ei2wW29DmxsY=,z8XyuL62JN1kbg4tnctJjBGvNhM=
0,-7,2p3pXs4dFX0Q1Q5Ei2wW29DmxsY=,z8XyuL62JN1kbg4tnctJjBGvNhM=
0,-6,2p3pXs4dFX0Q1Q5Ei2wW29DmxsY=,z8XyuL62JN1kbg4tnctJjBGvNhM=
1,-1,2p3pXs4dFX0Q1Q5Ei2wW29DmxsY=,SuWoo67BNGGu6Sb6ix4pzbKQVsM=
2,-1,2p3pXs4dFX0Q1Q5Ei2wW29DmxsY=,SuWoo67BNGGu6Sb6ix4pzbKQVsM=
10,-1,2p3pXs4dFX0Q1Q5Ei2wW29DmxsY=,mm1eDMfGHtCUGdR7/Exqy1QL4T4=
4,-1,2p3pXs4dFX0Q1Q5Ei2wW29DmxsY=,mm1eDMfGHtCUGdR7/Exqy1QL4T4=
9,-1,2p3pXs4dFX0Q1Q5Ei2wW29DmxsY=,mm1eDMfGHtCUGdR7/Exqy1QL4T4=
3,-1,2p3pXs4dFX0Q1Q5Ei2wW29DmxsY=,SuWoo67BNGGu6Sb6ix4pzbKQVsM=
5,-1,2p3pXs4dFX0Q1Q5Ei2wW29DmxsY=,mm1eDMfGHtCUGdR7/Exqy1QL4T4=
0,-4,2p3pXs4dFX0Q1Q5Ei2wW29DmxsY=,SuWoo67BNGGu6Sb6ix4pzbKQVsM=
8,-1,2p3pXs4dFX0Q1Q5Ei2wW29DmxsY=,mm1eDMfGHtCUGdR7/Exqy1QL4T4=
0,-2,2p3pXs4dFX0Q1Q5Ei2wW29DmxsY=,SuWoo67BNGGu6Sb6ix4pzbKQVsM=
0,-5,2p3pXs4dFX0Q1Q5Ei2wW29DmxsY=,z8XyuL62JN1kbg4tnctJjBGvNhM=
7,-1,2p3pXs4dFX0Q1Q5Ei2wW29DmxsY=,mm1eDMfGHtCUGdR7/Exqy1QL4T4=
6,-1,2p3pXs4dFX0Q1Q5Ei2wW29DmxsY=,mm1eDMfGHtCUGdR7/Exqy1QL4T4=
12,-1,2p3pXs4dFX0Q1Q5Ei2wW29DmxsY=,DauqN7GdK/73mrxvawq7DdUhsuE=
14,-1,2p3pXs4dFX0Q1Q5Ei2wW29DmxsY=,DauqN7GdK/73mrxvawq7DdUhsuE=
13,-1,2p3pXs4dFX0Q1Q5Ei2wW29DmxsY=,DauqN7GdK/73mrxvawq7DdUhsuE=
11,-1,2p3pXs4dFX0Q1Q5Ei2wW29DmxsY=,mm1eDMfGHtCUGdR7/Exqy1QL4T4=
15,-2,2p3pXs4dFX0Q1Q5Ei2wW29DmxsY=,DauqN7GdK/73mrxvawq7DdUhsuE=
15,-3,2p3pXs4dFX0Q1Q5Ei2wW29DmxsY=,DauqN7GdK/73mrxvawq7DdUhsuE=
0,-3,2p3pXs4dFX0Q1Q5Ei2wW29DmxsY=,SuWoo67BNGGu6Sb6ix4pzbKQVsM=
15,-5,2p3pXs4dFX0Q1Q5Ei2wW29DmxsY=,npvZzX/4DfPSxNaGmVzSCLRGVus=
15,-4,2p3pXs4dFX0Q1Q5Ei2wW29DmxsY=,DauqN7GdK/73mrxvawq7DdUhsuE=
15,-7,2p3pXs4dFX0Q1Q5Ei2wW29DmxsY=,npvZzX/4DfPSxNaGmVzSCLRGVus=
15,-6,2p3pXs4dFX0Q1Q5Ei2wW29DmxsY=,npvZzX/4DfPSxNaGmVzSCLRGVus=
10,-10,IhTB6zerNmxdqDnamsb7MAhsdfs=,GZ3KmsQjJEXAhTXICvYu3DSgZIA=
7,-9,IhTB6zerNmxdqDnamsb7MAhsdfs=,u5zeeNpKnd94EifUIRxOaC6aIUI=
9,-10,IhTB6zerNmxdqDnamsb7MAhsdfs=,GZ3KmsQjJEXAhTXICvYu3DSgZIA=
8,-10,IhTB6zerNmxdqDnamsb7MAhsdfs=,GZ3KmsQjJEXAhTXICvYu3DSgZIA=
7,-8,IhTB6zerNmxdqDnamsb7MAhsdfs=,mm1eDMfGHtCUGdR7/Exqy1QL4T4=
7,-11,IhTB6zerNmxdqDnamsb7MAhsdfs=,u5zeeNpKnd94EifUIRxOaC6aIUI=
8,-9,IhTB6zerNmxdqDnamsb7MAhsdfs=,GZ3KmsQjJEXAhTXICvYu3DSgZIA=
9,-11,IhTB6zerNmxdqDnamsb7MAhsdfs=,GZ3KmsQjJEXAhTXICvYu3DSgZIA=
8,-11,IhTB6zerNmxdqDnamsb7MAhsdfs=,GZ3KmsQjJEXAhTXICvYu3DSgZIA=
9,-9,IhTB6zerNmxdqDnamsb7MAhsdfs=,GZ3KmsQjJEXAhTXICvYu3DSgZIA=
10,-9,IhTB6zerNmxdqDnamsb7MAhsdfs=,GZ3KmsQjJEXAhTXICvYu3DSgZIA=
10,-11,IhTB6zerNmxdqDnamsb7MAhsdfs=,GZ3KmsQjJEXAhTXICvYu3DSgZIA=
7,-10,IhTB6zerNmxdqDnamsb7MAhsdfs=,u5zeeNpKnd94EifUIRxOaC6aIUI=
10,-8,IhTB6zerNmxdqDnamsb7MAhsdfs=,mm1eDMfGHtCUGdR7/Exqy1QL4T4=
9,-8,IhTB6zerNmxdqDnamsb7MAhsdfs=,mm1eDMfGHtCUGdR7/Exqy1QL4T4=
14,-9,IhTB6zerNmxdqDnamsb7MAhsdfs=,FxzWnCXyeiV56s3hcb1lyaKpkwo=
13,-9,IhTB6zerNmxdqDnamsb7MAhsdfs=,FxzWnCXyeiV56s3hcb1lyaKpkwo=
12,-9,IhTB6zerNmxdqDnamsb7MAhsdfs=,FxzWnCXyeiV56s3hcb1lyaKpkwo=
12,-8,IhTB6zerNmxdqDnamsb7MAhsdfs=,npvZzX/4DfPSxNaGmVzSCLRGVus=
14,-10,IhTB6zerNmxdqDnamsb7MAhsdfs=,FxzWnCXyeiV56s3hcb1lyaKpkwo=
12,-10,IhTB6zerNmxdqDnamsb7MAhsdfs=,FxzWnCXyeiV56s3hcb1lyaKpkwo=
14,-11,IhTB6zerNmxdqDnamsb7MAhsdfs=,FxzWnCXyeiV56s3hcb1lyaKpkwo=
11,-10,IhTB6zerNmxdqDnamsb7MAhsdfs=,GZ3KmsQjJEXAhTXICvYu3DSgZIA=
11,-11,IhTB6zerNmxdqDnamsb7MAhsdfs=,GZ3KmsQjJEXAhTXICvYu3DSgZIA=
13,-11,IhTB6zerNmxdqDnamsb7MAhsdfs=,FxzWnCXyeiV56s3hcb1lyaKpkwo=
12,-11,IhTB6zerNmxdqDnamsb7MAhsdfs=,FxzWnCXyeiV56s3hcb1lyaKpkwo=
11,-9,IhTB6zerNmxdqDnamsb7MAhsdfs=,GZ3KmsQjJEXAhTXICvYu3DSgZIA=
14,-8,IhTB6zerNmxdqDnamsb7MAhsdfs=,npvZzX/4DfPSxNaGmVzSCLRGVus=
13,-10,IhTB6zerNmxdqDnamsb7MAhsdfs=,FxzWnCXyeiV56s3hcb1lyaKpkwo=
8,-8,IhTB6zerNmxdqDnamsb7MAhsdfs=,mm1eDMfGHtCUGdR7/Exqy1QL4T4=
13,-8,IhTB6zerNmxdqDnamsb7MAhsdfs=,npvZzX/4DfPSxNaGmVzSCLRGVus=
11,-8,IhTB6zerNmxdqDnamsb7MAhsdfs=,mm1eDMfGHtCUGdR7/Exqy1QL4T4=
14,-12,IhTB6zerNmxdqDnamsb7MAhsdfs=,FxzWnCXyeiV56s3hcb1lyaKpkwo=
8,-13,IhTB6zerNmxdqDnamsb7MAhsdfs=,Q9Pn37sGHjKBy+GMbSDYH5BKySI=
13,-12,IhTB6zerNmxdqDnamsb7MAhsdfs=,FxzWnCXyeiV56s3hcb1lyaKpkwo=
12,-12,IhTB6zerNmxdqDnamsb7MAhsdfs=,FxzWnCXyeiV56s3hcb1lyaKpkwo=
14,-15,IhTB6zerNmxdqDnamsb7MAhsdfs=,wI8/M8CS+ZsuLl9WOtGyp1Ow+oU=
10,-14,IhTB6zerNmxdqDnamsb7MAhsdfs=,Q9Pn37sGHjKBy+GMbSDYH5BKySI=
9,-15,IhTB6zerNmxdqDnamsb7MAhsdfs=,Q9Pn37sGHjKBy+GMbSDYH5BKySI=
8,-14,IhTB6zerNmxdqDnamsb7MAhsdfs=,Q9Pn37sGHjKBy+GMbSDYH5BKySI=
7,-12,IhTB6zerNmxdqDnamsb7MAhsdfs=,u5zeeNpKnd94EifUIRxOaC6aIUI=
8,-15,IhTB6zerNmxdqDnamsb7MAhsdfs=,Q9Pn37sGHjKBy+GMbSDYH5BKySI=
13,-13,IhTB6zerNmxdqDnamsb7MAhsdfs=,wI8/M8CS+ZsuLl9WOtGyp1Ow+oU=
12,-14,IhTB6zerNmxdqDnamsb7MAhsdfs=,wI8/M8CS+ZsuLl9WOtGyp1Ow+oU=
9,-12,IhTB6zerNmxdqDnamsb7MAhsdfs=,GZ3KmsQjJEXAhTXICvYu3DSgZIA=
7,-14,IhTB6zerNmxdqDnamsb7MAhsdfs=,bpFOQqNXtsiu8a5EcnS98f02SJI=
10,-12,IhTB6zerNmxdqDnamsb7MAhsdfs=,GZ3KmsQjJEXAhTXICvYu3DSgZIA=
12,-15,IhTB6zerNmxdqDnamsb7MAhsdfs=,wI8/M8CS+ZsuLl9WOtGyp1Ow+oU=
11,-13,IhTB6zerNmxdqDnamsb7MAhsdfs=,Q9Pn37sGHjKBy+GMbSDYH5BKySI=
8,-12,IhTB6zerNmxdqDnamsb7MAhsdfs=,GZ3KmsQjJEXAhTXICvYu3DSgZIA=
11,-12,IhTB6zerNmxdqDnamsb7MAhsdfs=,GZ3KmsQjJEXAhTXICvYu3DSgZIA=
10,-13,IhTB6zerNmxdqDnamsb7MAhsdfs=,Q9Pn37sGHjKBy+GMbSDYH5BKySI=
13,-14,IhTB6zerNmxdqDnamsb7MAhsdfs=,wI8/M8CS+ZsuLl9WOtGyp1Ow+oU=
9,-13,IhTB6zerNmxdqDnamsb7MAhsdfs=,Q9Pn37sGHjKBy+GMbSDYH5BKySI=
11,-14,IhTB6zerNmxdqDnamsb7MAhsdfs=,Q9Pn37sGHjKBy+GMbSDYH5BKySI=
9,-14,IhTB6zerNmxdqDnamsb7MAhsdfs=,Q9Pn37sGHjKBy+GMbSDYH5BKySI=
11,-15,IhTB6zerNmxdqDnamsb7MAhsdfs=,Q9Pn37sGHjKBy+GMbSDYH5BKySI=
7,-13,IhTB6zerNmxdqDnamsb7MAhsdfs=,bpFOQqNXtsiu8a5EcnS98f02SJI=
13,-15,IhTB6zerNmxdqDnamsb7MAhsdfs=,wI8/M8CS+ZsuLl9WOtGyp1Ow+oU=
14,-14,IhTB6zerNmxdqDnamsb7MAhsdfs=,wI8/M8CS+ZsuLl9WOtGyp1Ow+oU=
10,-15,IhTB6zerNmxdqDnamsb7MAhsdfs=,Q9Pn37sGHjKBy+GMbSDYH5BKySI=
14,-13,IhTB6zerNmxdqDnamsb7MAhsdfs=,wI8/M8CS+ZsuLl9WOtGyp1Ow+oU=
12,-13,IhTB6zerNmxdqDnamsb7MAhsdfs=,wI8/M8CS+ZsuLl9WOtGyp1Ow+oU=
7,-15,IhTB6zerNmxdqDnamsb7MAhsdfs=,bpFOQqNXtsiu8a5EcnS98f02SJI=
1,-16,IhTB6zerNmxdqDnamsb7MAhsdfs=,5TV4+9a+X3vaQOeD8qgd0BP4O94=
2,-16,IhTB6zerNmxdqDnamsb7MAhsdfs=,5TV4+9a+X3vaQOeD8qgd0BP4O94=
9,-16,IhTB6zerNmxdqDnamsb7MAhsdfs=,Q9Pn37sGHjKBy+GMbSDYH5BKySI=
10,-16,IhTB6zerNmxdqDnamsb7MAhsdfs=,Q9Pn37sGHjKBy+GMbSDYH5BKySI=
13,-16,IhTB6zerNmxdqDnamsb7MAhsdfs=,wI8/M8CS+ZsuLl9WOtGyp1Ow+oU=
7,-16,IhTB6zerNmxdqDnamsb7MAhsdfs=,bpFOQqNXtsiu8a5EcnS98f02SJI=
11,-16,IhTB6zerNmxdqDnamsb7MAhsdfs=,Q9Pn37sGHjKBy+GMbSDYH5BKySI=
15,-9,IhTB6zerNmxdqDnamsb7MAhsdfs=,FxzWnCXyeiV56s3hcb1lyaKpkwo=
15,-10,IhTB6zerNmxdqDnamsb7MAhsdfs=,FxzWnCXyeiV56s3hcb1lyaKpkwo=
4,-16,IhTB6zerNmxdqDnamsb7MAhsdfs=,bpFOQqNXtsiu8a5EcnS98f02SJI=
14,-16,IhTB6zerNmxdqDnamsb7MAhsdfs=,wI8/M8CS+ZsuLl9WOtGyp1Ow+oU=
3,-16,IhTB6zerNmxdqDnamsb7MAhsdfs=,5TV4+9a+X3vaQOeD8qgd0BP4O94=
15,-11,IhTB6zerNmxdqDnamsb7MAhsdfs=,FxzWnCXyeiV56s3hcb1lyaKpkwo=
15,-8,IhTB6zerNmxdqDnamsb7MAhsdfs=,npvZzX/4DfPSxNaGmVzSCLRGVus=
12,-16,IhTB6zerNmxdqDnamsb7MAhsdfs=,wI8/M8CS+ZsuLl9WOtGyp1Ow+oU=
5,-16,IhTB6zerNmxdqDnamsb7MAhsdfs=,bpFOQqNXtsiu8a5EcnS98f02SJI=
6,-16,IhTB6zerNmxdqDnamsb7MAhsdfs=,bpFOQqNXtsiu8a5EcnS98f02SJI=
15,-13,IhTB6zerNmxdqDnamsb7MAhsdfs=,wI8/M8CS+ZsuLl9WOtGyp1Ow+oU=
8,-16,IhTB6zerNmxdqDnamsb7MAhsdfs=,Q9Pn37sGHjKBy+GMbSDYH5BKySI=
15,-12,IhTB6zerNmxdqDnamsb7MAhsdfs=,FxzWnCXyeiV56s3hcb1lyaKpkwo=
15,-15,IhTB6zerNmxdqDnamsb7MAhsdfs=,wI8/M8CS+ZsuLl9WOtGyp1Ow+oU=
15,-14,IhTB6zerNmxdqDnamsb7MAhsdfs=,wI8/M8CS+ZsuLl9WOtGyp1Ow+oU=
15,-16,IhTB6zerNmxdqDnamsb7MAhsdfs=,wI8/M8CS+ZsuLl9WOtGyp1Ow+oU=
15,-1,IhTB6zerNmxdqDnamsb7MAhsdfs=,DauqN7GdK/73mrxvawq7DdUhsuE=
0,-9,IhTB6zerNmxdqDnamsb7MAhsdfs=,z8XyuL62JN1kbg4tnctJjBGvNhM=
0,-10,IhTB6zerNmxdqDnamsb7MAhsdfs=,z8XyuL62JN1kbg4tnctJjBGvNhM=
0,-8,IhTB6zerNmxdqDnamsb7MAhsdfs=,z8XyuL62JN1kbg4tnctJjBGvNhM=
0,-11,IhTB6zerNmxdqDnamsb7MAhsdfs=,z8XyuL62JN1kbg4tnctJjBGvNhM=
0,-1,IhTB6zerNmxdqDnamsb7MAhsdfs=,SuWoo67BNGGu6Sb6ix4pzbKQVsM=
0,-15,IhTB6zerNmxdqDnamsb7MAhsdfs=,5TV4+9a+X3vaQOeD8qgd0BP4O94=
0,-13,IhTB6zerNmxdqDnamsb7MAhsdfs=,5TV4+9a+X3vaQOeD8qgd0BP4O94=
0,-14,IhTB6zerNmxdqDnamsb7MAhsdfs=,5TV4+9a+X3vaQOeD8qgd0BP4O94=
0,-12,IhTB6zerNmxdqDnamsb7MAhsdfs=,z8XyuL62JN1kbg4tnctJjBGvNhM=
0,-16,IhTB6zerNmxdqDnamsb7MAhsdfs=,5TV4+9a+X3vaQOeD8qgd0BP4O94=
22,-2,rYiWqxVYZAlWEnon70HmYRJpXcU=,NDngXPrBCl/gyBz/56HGcpZA5mc=
20,-3,9e+Tk9MJxEjR44xpflmqg9Zqgc0=,NDngXPrBCl/gyBz/56HGcpZA5mc=
21,-3,9e+Tk9MJxEjR44xpflmqg9Zqgc0=,NDngXPrBCl/gyBz/56HGcpZA5mc=
22,-3,9e+Tk9MJxEjR44xpflmqg9Zqgc0=,NDngXPrBCl/gyBz/56HGcpZA5mc=
21,-2,9e+Tk9MJxEjR44xpflmqg9Zqgc0=,NDngXPrBCl/gyBz/56HGcpZA5mc=
20,-2,9e+Tk9MJxEjR44xpflmqg9Zqgc0=,NDngXPrBCl/gyBz/56HGcpZA5mc=
21,-5,9e+Tk9MJxEjR44xpflmqg9Zqgc0=,1+VHtw1Dp3ahb73W9hzHTx7bVs4=
20,-6,9e+Tk9MJxEjR44xpflmqg9Zqgc0=,1+VHtw1Dp3ahb73W9hzHTx7bVs4=
21,-7,9e+Tk9MJxEjR44xpflmqg9Zqgc0=,1+VHtw1Dp3ahb73W9hzHTx7bVs4=
22,-4,9e+Tk9MJxEjR44xpflmqg9Zqgc0=,NDngXPrBCl/gyBz/56HGcpZA5mc=
22,-5,9e+Tk9MJxEjR44xpflmqg9Zqgc0=,1+VHtw1Dp3ahb73W9hzHTx7bVs4=
20,-7,9e+Tk9MJxEjR44xpflmqg9Zqgc0=,1+VHtw1Dp3ahb73W9hzHTx7bVs4=
21,-4,9e+Tk9MJxEjR44xpflmqg9Zqgc0=,NDngXPrBCl/gyBz/56HGcpZA5mc=
22,-7,9e+Tk9MJxEjR44xpflmqg9Zqgc0=,1+VHtw1Dp3ahb73W9hzHTx7bVs4=
20,-4,9e+Tk9MJxEjR44xpflmqg9Zqgc0=,NDngXPrBCl/gyBz/56HGcpZA5mc=
22,-6,9e+Tk9MJxEjR44xpflmqg9Zqgc0=,1+VHtw1Dp3ahb73W9hzHTx7bVs4=
21,-6,9e+Tk9MJxEjR44xpflmqg9Zqgc0=,1+VHtw1Dp3ahb73W9hzHTx7bVs4=
20,-5,9e+Tk9MJxEjR44xpflmqg9Zqgc0=,1+VHtw1Dp3ahb73W9hzHTx7bVs4=
23,-6,9e+Tk9MJxEjR44xpflmqg9Zqgc0=,1+VHtw1Dp3ahb73W9hzHTx7bVs4=
26,-6,9e+Tk9MJxEjR44xpflmqg9Zqgc0=,V3aWgI9/r15JwiPYmkjdZkE1ghw=
24,-7,9e+Tk9MJxEjR44xpflmqg9Zqgc0=,V3aWgI9/r15JwiPYmkjdZkE1ghw=
25,-7,9e+Tk9MJxEjR44xpflmqg9Zqgc0=,V3aWgI9/r15JwiPYmkjdZkE1ghw=
24,-6,9e+Tk9MJxEjR44xpflmqg9Zqgc0=,V3aWgI9/r15JwiPYmkjdZkE1ghw=
26,-7,9e+Tk9MJxEjR44xpflmqg9Zqgc0=,V3aWgI9/r15JwiPYmkjdZkE1ghw=
25,-6,9e+Tk9MJxEjR44xpflmqg9Zqgc0=,V3aWgI9/r15JwiPYmkjdZkE1ghw=
23,-7,9e+Tk9MJxEjR44xpflmqg9Zqgc0=,1+VHtw1Dp3ahb73W9hzHTx7bVs4=
26,-10,9e+Tk9MJxEjR44xpflmqg9Zqgc0=,6Pye6kznPYO6YprJYcWRxOfob08=
26,-9,9e+Tk9MJxEjR44xpflmqg9Zqgc0=,6Pye6kznPYO6YprJYcWRxOfob08=
25,-8,9e+Tk9MJxEjR44xpflmqg9Zqgc0=,V3aWgI9/r15JwiPYmkjdZkE1ghw=
25,-11,9e+Tk9MJxEjR44xpflmqg9Zqgc0=,6Pye6kznPYO6YprJYcWRxOfob08=
25,-10,9e+Tk9MJxEjR44xpflmqg9Zqgc0=,6Pye6kznPYO6YprJYcWRxOfob08=
24,-5,9e+Tk9MJxEjR44xpflmqg9Zqgc0=,V3aWgI9/r15JwiPYmkjdZkE1ghw=
25,-3,9e+Tk9MJxEjR44xpflmqg9Zqgc0=,NDngXPrBCl/gyBz/56HGcpZA5mc=
23,-2,9e+Tk9MJxEjR44xpflmqg9Zqgc0=,NDngXPrBCl/gyBz/56HGcpZA5mc=
26,-5,9e+Tk9MJxEjR44xpflmqg9Zqgc0=,V3aWgI9/r15JwiPYmkjdZkE1ghw=
25,-5,9e+Tk9MJxEjR44xpflmqg9Zqgc0=,V3aWgI9/r15JwiPYmkjdZkE1ghw=
23,-3,9e+Tk9MJxEjR44xpflmqg9Zqgc0=,NDngXPrBCl/gyBz/56HGcpZA5mc=
26,-4,9e+Tk9MJxEjR44xpflmqg9Zqgc0=,NDngXPrBCl/gyBz/56HGcpZA5mc=
25,-4,9e+Tk9MJxEjR44xpflmqg9Zqgc0=,NDngXPrBCl/gyBz/56HGcpZA5mc=
26,-2,9e+Tk9MJxEjR44xpflmqg9Zqgc0=,NDngXPrBCl/gyBz/56HGcpZA5mc=
23,-4,9e+Tk9MJxEjR44xpflmqg9Zqgc0=,NDngXPrBCl/gyBz/56HGcpZA5mc=
26,-11,9e+Tk9MJxEjR44xpflmqg9Zqgc0=,6Pye6kznPYO6YprJYcWRxOfob08=
26,-8,9e+Tk9MJxEjR44xpflmqg9Zqgc0=,V3aWgI9/r15JwiPYmkjdZkE1ghw=
25,-9,9e+Tk9MJxEjR44xpflmqg9Zqgc0=,6Pye6kznPYO6YprJYcWRxOfob08=
25,-2,9e+Tk9MJxEjR44xpflmqg9Zqgc0=,NDngXPrBCl/gyBz/56HGcpZA5mc=
26,-3,9e+Tk9MJxEjR44xpflmqg9Zqgc0=,NDngXPrBCl/gyBz/56HGcpZA5mc=
24,-2,9e+Tk9MJxEjR44xpflmqg9Zqgc0=,NDngXPrBCl/gyBz/56HGcpZA5mc=
24,-4,9e+Tk9MJxEjR44xpflmqg9Zqgc0=,NDngXPrBCl/gyBz/56HGcpZA5mc=
24,-3,9e+Tk9MJxEjR44xpflmqg9Zqgc0=,NDngXPrBCl/gyBz/56HGcpZA5mc=
23,-5,9e+Tk9MJxEjR44xpflmqg9Zqgc0=,1+VHtw1Dp3ahb73W9hzHTx7bVs4=
29,-6,9e+Tk9MJxEjR44xpflmqg9Zqgc0=,n4fOLvgjEpv706PYyqXWsIn34as=
28,-6,9e+Tk9MJxEjR44xpflmqg9Zqgc0=,n4fOLvgjEpv706PYyqXWsIn34as=
28,-7,9e+Tk9MJxEjR44xpflmqg9Zqgc0=,n4fOLvgjEpv706PYyqXWsIn34as=
27,-6,9e+Tk9MJxEjR44xpflmqg9Zqgc0=,V3aWgI9/r15JwiPYmkjdZkE1ghw=
27,-7,9e+Tk9MJxEjR44xpflmqg9Zqgc0=,V3aWgI9/r15JwiPYmkjdZkE1ghw=
30,-6,9e+Tk9MJxEjR44xpflmqg9Zqgc0=,n4fOLvgjEpv706PYyqXWsIn34as=
29,-7,9e+Tk9MJxEjR44xpflmqg9Zqgc0=,n4fOLvgjEpv706PYyqXWsIn34as=
30,-7,9e+Tk9MJxEjR44xpflmqg9Zqgc0=,n4fOLvgjEpv706PYyqXWsIn34as=
27,-11,Ie9pLr9ENqPmRtJbcHmd9ka1YDQ=,6Pye6kznPYO6YprJYcWRxOfob08=
27,-9,Ie9pLr9ENqPmRtJbcHmd9ka1YDQ=,6Pye6kznPYO6YprJYcWRxOfob08=
27,-8,Ie9pLr9ENqPmRtJbcHmd9ka1YDQ=,V3aWgI9/r15JwiPYmkjdZkE1ghw=
28,-9,Ie9pLr9ENqPmRtJbcHmd9ka1YDQ=,gPVrxTwVqGJCNPVBH2/5jpyZ4KM=
30,-10,Ie9pLr9ENqPmRtJbcHmd9ka1YDQ=,gPVrxTwVqGJCNPVBH2/5jpyZ4KM=
29,-10,Ie9pLr9ENqPmRtJbcHmd9ka1YDQ=,gPVrxTwVqGJCNPVBH2/5jpyZ4KM=
30,-11,Ie9pLr9ENqPmRtJbcHmd9ka1YDQ=,gPVrxTwVqGJCNPVBH2/5jpyZ4KM=
27,-10,Ie9pLr9ENqPmRtJbcHmd9ka1YDQ=,6Pye6kznPYO6YprJYcWRxOfob08=
28,-11,Ie9pLr9ENqPmRtJbcHmd9ka1YDQ=,gPVrxTwVqGJCNPVBH2/5jpyZ4KM=
29,-9,Ie9pLr9ENqPmRtJbcHmd9ka1YDQ=,gPVrxTwVqGJCNPVBH2/5jpyZ4KM=
30,-8,Ie9pLr9ENqPmRtJbcHmd9ka1YDQ=,n4fOLvgjEpv706PYyqXWsIn34as=
28,-10,Ie9pLr9ENqPmRtJbcHmd9ka1YDQ=,gPVrxTwVqGJCNPVBH2/5jpyZ4KM=
28,-8,Ie9pLr9ENqPmRtJbcHmd9ka1YDQ=,n4fOLvgjEpv706PYyqXWsIn34as=
29,-11,Ie9pLr9ENqPmRtJbcHmd9ka1YDQ=,gPVrxTwVqGJCNPVBH2/5jpyZ4KM=
29,-8,Ie9pLr9ENqPmRtJbcHmd9ka1YDQ=,n4fOLvgjEpv706PYyqXWsIn34as=
30,-9,Ie9pLr9ENqPmRtJbcHmd9ka1YDQ=,gPVrxTwVqGJCNPVBH2/5jpyZ4KM=
30,-15,Ie9pLr9ENqPmRtJbcHmd9ka1YDQ=,gPVrxTwVqGJCNPVBH2/5jpyZ4KM=
29,-13,Ie9pLr9ENqPmRtJbcHmd9ka1YDQ=,gPVrxTwVqGJCNPVBH2/5jpyZ4KM=
29,-12,Ie9pLr9ENqPmRtJbcHmd9ka1YDQ=,gPVrxTwVqGJCNPVBH2/5jpyZ4KM=
30,-13,Ie9pLr9ENqPmRtJbcHmd9ka1YDQ=,gPVrxTwVqGJCNPVBH2/5jpyZ4KM=
29,-15,Ie9pLr9ENqPmRtJbcHmd9ka1YDQ=,gPVrxTwVqGJCNPVBH2/5jpyZ4KM=
27,-13,Ie9pLr9ENqPmRtJbcHmd9ka1YDQ=,QQLkh4mMpNqa+zcMtGHJngouglo=
25,-14,Ie9pLr9ENqPmRtJbcHmd9ka1YDQ=,QQLkh4mMpNqa+zcMtGHJngouglo=
28,-14,Ie9pLr9ENqPmRtJbcHmd9ka1YDQ=,gPVrxTwVqGJCNPVBH2/5jpyZ4KM=
30,-12,Ie9pLr9ENqPmRtJbcHmd9ka1YDQ=,gPVrxTwVqGJCNPVBH2/5jpyZ4KM=
26,-15,Ie9pLr9ENqPmRtJbcHmd9ka1YDQ=,QQLkh4mMpNqa+zcMtGHJngouglo=
25,-13,Ie9pLr9ENqPmRtJbcHmd9ka1YDQ=,QQLkh4mMpNqa+zcMtGHJngouglo=
29,-5,Ie9pLr9ENqPmRtJbcHmd9ka1YDQ=,n4fOLvgjEpv706PYyqXWsIn34as=
26,-14,Ie9pLr9ENqPmRtJbcHmd9ka1YDQ=,QQLkh4mMpNqa+zcMtGHJngouglo=
25,-15,Ie9pLr9ENqPmRtJbcHmd9ka1YDQ=,QQLkh4mMpNqa+zcMtGHJngouglo=
27,-12,Ie9pLr9ENqPmRtJbcHmd9ka1YDQ=,6Pye6kznPYO6YprJYcWRxOfob08=
28,-4,Ie9pLr9ENqPmRtJbcHmd9ka1YDQ=,xdKn4bPGSaH4e6Z7XpGQ/ZvuM0s=
27,-14,Ie9pLr9ENqPmRtJbcHmd9ka1YDQ=,QQLkh4mMpNqa+zcMtGHJngouglo=
28,-3,Ie9pLr9ENqPmRtJbcHmd9ka1YDQ=,xdKn4bPGSaH4e6Z7XpGQ/ZvuM0s=
27,-15,Ie9pLr9ENqPmRtJbcHmd9ka1YDQ=,QQLkh4mMpNqa+zcMtGHJngouglo=
28,-2,Ie9pLr9ENqPmRtJbcHmd9ka1YDQ=,xdKn4bPGSaH4e6Z7XpGQ/ZvuM0s=
27,-3,Ie9pLr9ENqPmRtJbcHmd9ka1YDQ=,NDngXPrBCl/gyBz/56HGcpZA5mc=
28,-15,Ie9pLr9ENqPmRtJbcHmd9ka1YDQ=,gPVrxTwVqGJCNPVBH2/5jpyZ4KM=
28,-5,Ie9pLr9ENqPmRtJbcHmd9ka1YDQ=,n4fOLvgjEpv706PYyqXWsIn34as=
28,-12,Ie9pLr9ENqPmRtJbcHmd9ka1YDQ=,gPVrxTwVqGJCNPVBH2/5jpyZ4KM=
29,-14,Ie9pLr9ENqPmRtJbcHmd9ka1YDQ=,gPVrxTwVqGJCNPVBH2/5jpyZ4KM=
25,-12,Ie9pLr9ENqPmRtJbcHmd9ka1YDQ=,6Pye6kznPYO6YprJYcWRxOfob08=
26,-13,Ie9pLr9ENqPmRtJbcHmd9ka1YDQ=,QQLkh4mMpNqa+zcMtGHJngouglo=
30,-4,Ie9pLr9ENqPmRtJbcHmd9ka1YDQ=,xdKn4bPGSaH4e6Z7XpGQ/ZvuM0s=
26,-12,Ie9pLr9ENqPmRtJbcHmd9ka1YDQ=,6Pye6kznPYO6YprJYcWRxOfob08=
28,-13,Ie9pLr9ENqPmRtJbcHmd9ka1YDQ=,gPVrxTwVqGJCNPVBH2/5jpyZ4KM=
27,-5,Ie9pLr9ENqPmRtJbcHmd9ka1YDQ=,V3aWgI9/r15JwiPYmkjdZkE1ghw=
30,-14,Ie9pLr9ENqPmRtJbcHmd9ka1YDQ=,gPVrxTwVqGJCNPVBH2/5jpyZ4KM=
30,-3,Ie9pLr9ENqPmRtJbcHmd9ka1YDQ=,xdKn4bPGSaH4e6Z7XpGQ/ZvuM0s=
27,-2,Ie9pLr9ENqPmRtJbcHmd9ka1YDQ=,NDngXPrBCl/gyBz/56HGcpZA5mc=
29,-2,Ie9pLr9ENqPmRtJbcHmd9ka1YDQ=,xdKn4bPGSaH4e6Z7XpGQ/ZvuM0s=
27,-4,Ie9pLr9ENqPmRtJbcHmd9ka1YDQ=,NDngXPrBCl/gyBz/56HGcpZA5mc=
30,-5,Ie9pLr9ENqPmRtJbcHmd9ka1YDQ=,n4fOLvgjEpv706PYyqXWsIn34as=
29,-3,Ie9pLr9ENqPmRtJbcHmd9ka1YDQ=,xdKn4bPGSaH4e6Z7XpGQ/ZvuM0s=
29,-4,Ie9pLr9ENqPmRtJbcHmd9ka1YDQ=,xdKn4bPGSaH4e6Z7XpGQ/ZvuM0s=
30,-2,Ie9pLr9ENqPmRtJbcHmd9ka1YDQ=,xdKn4bPGSaH4e6Z7XpGQ/ZvuM0s=
21,-15,8HwsJ5o7djnyCoNG5DMuqtM6rTQ=,wJL41xQjakhv5dRuXyIJ8BV6km8=
23,-14,8HwsJ5o7djnyCoNG5DMuqtM6rTQ=,wJL41xQjakhv5dRuXyIJ8BV6km8=
24,-15,8HwsJ5o7djnyCoNG5DMuqtM6rTQ=,QQLkh4mMpNqa+zcMtGHJngouglo=
22,-14,8HwsJ5o7djnyCoNG5DMuqtM6rTQ=,wJL41xQjakhv5dRuXyIJ8BV6km8=
21,-14,8HwsJ5o7djnyCoNG5DMuqtM6rTQ=,wJL41xQjakhv5dRuXyIJ8BV6km8=
22,-15,8HwsJ5o7djnyCoNG5DMuqtM6rTQ=,wJL41xQjakhv5dRuXyIJ8BV6km8=
24,-14,8HwsJ5o7djnyCoNG5DMuqtM6rTQ=,QQLkh4mMpNqa+zcMtGHJngouglo=
23,-15,8HwsJ5o7djnyCoNG5DMuqtM6rTQ=,wJL41xQjakhv5dRuXyIJ8BV6km8=
22,-10,8HwsJ5o7djnyCoNG5DMuqtM6rTQ=,wJL41xQjakhv5dRuXyIJ8BV6km8=
21,-10,8HwsJ5o7djnyCoNG5DMuqtM6rTQ=,wJL41xQjakhv5dRuXyIJ8BV6km8=
23,-11,8HwsJ5o7djnyCoNG5DMuqtM6rTQ=,wJL41xQjakhv5dRuXyIJ8BV6km8=
23,-9,8HwsJ5o7djnyCoNG5DMuqtM6rTQ=,wJL41xQjakhv5dRuXyIJ8BV6km8=
21,-9,8HwsJ5o7djnyCoNG5DMuqtM6rTQ=,wJL41xQjakhv5dRuXyIJ8BV6km8=
23,-13,8HwsJ5o7djnyCoNG5DMuqtM6rTQ=,wJL41xQjakhv5dRuXyIJ8BV6km8=
23,-8,8HwsJ5o7djnyCoNG5DMuqtM6rTQ=,1+VHtw1Dp3ahb73W9hzHTx7bVs4=
22,-12,8HwsJ5o7djnyCoNG5DMuqtM6rTQ=,wJL41xQjakhv5dRuXyIJ8BV6km8=
21,-12,8HwsJ5o7djnyCoNG5DMuqtM6rTQ=,wJL41xQjakhv5dRuXyIJ8BV6km8=
24,-13,8HwsJ5o7djnyCoNG5DMuqtM6rTQ=,QQLkh4mMpNqa+zcMtGHJngouglo=
23,-12,8HwsJ5o7djnyCoNG5DMuqtM6rTQ=,wJL41xQjakhv5dRuXyIJ8BV6km8=
23,-10,8HwsJ5o7djnyCoNG5DMuqtM6rTQ=,wJL41xQjakhv5dRuXyIJ8BV6km8=
21,-13,8HwsJ5o7djnyCoNG5DMuqtM6rTQ=,wJL41xQjakhv5dRuXyIJ8BV6km8=
24,-9,8HwsJ5o7djnyCoNG5DMuqtM6rTQ=,6Pye6kznPYO6YprJYcWRxOfob08=
22,-8,8HwsJ5o7djnyCoNG5DMuqtM6rTQ=,1+VHtw1Dp3ahb73W9hzHTx7bVs4=
24,-12,8HwsJ5o7djnyCoNG5DMuqtM6rTQ=,6Pye6kznPYO6YprJYcWRxOfob08=
21,-8,8HwsJ5o7djnyCoNG5DMuqtM6rTQ=,1+VHtw1Dp3ahb73W9hzHTx7bVs4=
20,-14,8HwsJ5o7djnyCoNG5DMuqtM6rTQ=,wJL41xQjakhv5dRuXyIJ8BV6km8=
22,-9,8HwsJ5o7djnyCoNG5DMuqtM6rTQ=,wJL41xQjakhv5dRuXyIJ8BV6km8=
21,-11,8HwsJ5o7djnyCoNG5DMuqtM6rTQ=,wJL41xQjakhv5dRuXyIJ8BV6km8=
24,-11,8HwsJ5o7djnyCoNG5DMuqtM6rTQ=,6Pye6kznPYO6YprJYcWRxOfob08=
20,-15,8HwsJ5o7djnyCoNG5DMuqtM6rTQ=,wJL41xQjakhv5dRuXyIJ8BV6km8=
22,-13,8HwsJ5o7djnyCoNG5DMuqtM6rTQ=,wJL41xQjakhv5dRuXyIJ8BV6km8=
22,-11,8HwsJ5o7djnyCoNG5DMuqtM6rTQ=,wJL41xQjakhv5dRuXyIJ8BV6km8=
24,-8,8HwsJ5o7djnyCoNG5DMuqtM6rTQ=,V3aWgI9/r15JwiPYmkjdZkE1ghw=
24,-10,8HwsJ5o7djnyCoNG5DMuqtM6rTQ=,6Pye6kznPYO6YprJYcWRxOfob08=
22,-16,8HwsJ5o7djnyCoNG5DMuqtM6rTQ=,wJL41xQjakhv5dRuXyIJ8BV6km8=
20,-10,8HwsJ5o7djnyCoNG5DMuqtM6rTQ=,wJL41xQjakhv5dRuXyIJ8BV6km8=
20,-12,8HwsJ5o7djnyCoNG5DMuqtM6rTQ=,wJL41xQjakhv5dRuXyIJ8BV6km8=
20,-8,8HwsJ5o7djnyCoNG5DMuqtM6rTQ=,1+VHtw1Dp3ahb73W9hzHTx7bVs4=
20,-9,8HwsJ5o7djnyCoNG5DMuqtM6rTQ=,wJL41xQjakhv5dRuXyIJ8BV6km8=
20,-11,8HwsJ5o7djnyCoNG5DMuqtM6rTQ=,wJL41xQjakhv5dRuXyIJ8BV6km8=
21,-16,8HwsJ5o7djnyCoNG5DMuqtM6rTQ=,wJL41xQjakhv5dRuXyIJ8BV6km8=
20,-13,8HwsJ5o7djnyCoNG5DMuqtM6rTQ=,wJL41xQjakhv5dRuXyIJ8BV6km8=
26,-1,8HwsJ5o7djnyCoNG5DMuqtM6rTQ=,NDngXPrBCl/gyBz/56HGcpZA5mc=
24,-1,8HwsJ5o7djnyCoNG5DMuqtM6rTQ=,NDngXPrBCl/gyBz/56HGcpZA5mc=
20,-1,8HwsJ5o7djnyCoNG5DMuqtM6rTQ=,NDngXPrBCl/gyBz/56HGcpZA5mc=
21,-1,8HwsJ5o7djnyCoNG5DMuqtM6rTQ=,NDngXPrBCl/gyBz/56HGcpZA5mc=
23,-1,8HwsJ5o7djnyCoNG5DMuqtM6rTQ=,NDngXPrBCl/gyBz/56HGcpZA5mc=
25,-1,8HwsJ5o7djnyCoNG5DMuqtM6rTQ=,NDngXPrBCl/gyBz/56HGcpZA5mc=
22,-1,8HwsJ5o7djnyCoNG5DMuqtM6rTQ=,NDngXPrBCl/gyBz/56HGcpZA5mc=
31,-11,8HwsJ5o7djnyCoNG5DMuqtM6rTQ=,gPVrxTwVqGJCNPVBH2/5jpyZ4KM=
28,-1,8HwsJ5o7djnyCoNG5DMuqtM6rTQ=,xdKn4bPGSaH4e6Z7XpGQ/ZvuM0s=
31,-10,8HwsJ5o7djnyCoNG5DMuqtM6rTQ=,gPVrxTwVqGJCNPVBH2/5jpyZ4KM=
30,-1,8HwsJ5o7djnyCoNG5DMuqtM6rTQ=,xdKn4bPGSaH4e6Z7XpGQ/ZvuM0s=
31,-2,8HwsJ5o7djnyCoNG5DMuqtM6rTQ=,xdKn4bPGSaH4e6Z7XpGQ/ZvuM0s=
27,-1,8HwsJ5o7djnyCoNG5DMuqtM6rTQ=,NDngXPrBCl/gyBz/56HGcpZA5mc=
31,-3,8HwsJ5o7djnyCoNG5DMuqtM6rTQ=,xdKn4bPGSaH4e6Z7XpGQ/ZvuM0s=
29,-1,8HwsJ5o7djnyCoNG5DMuqtM6rTQ=,xdKn4bPGSaH4e6Z7XpGQ/ZvuM0s=
31,-7,8HwsJ5o7djnyCoNG5DMuqtM6rTQ=,n4fOLvgjEpv706PYyqXWsIn34as=
31,-6,8HwsJ5o7djnyCoNG5DMuqtM6rTQ=,n4fOLvgjEpv706PYyqXWsIn34as=
31,-12,8HwsJ5o7djnyCoNG5DMuqtM6rTQ=,gPVrxTwVqGJCNPVBH2/5jpyZ4KM=
31,-14,8HwsJ5o7djnyCoNG5DMuqtM6rTQ=,gPVrxTwVqGJCNPVBH2/5jpyZ4KM=
31,-9,8HwsJ5o7djnyCoNG5DMuqtM6rTQ=,gPVrxTwVqGJCNPVBH2/5jpyZ4KM=
31,-13,8HwsJ5o7djnyCoNG5DMuqtM6rTQ=,gPVrxTwVqGJCNPVBH2/5jpyZ4KM=
31,-8,8HwsJ5o7djnyCoNG5DMuqtM6rTQ=,n4fOLvgjEpv706PYyqXWsIn34as=
31,-5,8HwsJ5o7djnyCoNG5DMuqtM6rTQ=,n4fOLvgjEpv706PYyqXWsIn34as=
31,-4,8HwsJ5o7djnyCoNG5DMuqtM6rTQ=,xdKn4bPGSaH4e6Z7XpGQ/ZvuM0s=
31,-15,8HwsJ5o7djnyCoNG5DMuqtM6rTQ=,gPVrxTwVqGJCNPVBH2/5jpyZ4KM=
23,-16,8HwsJ5o7djnyCoNG5DMuqtM6rTQ=,wJL41xQjakhv5dRuXyIJ8BV6km8=
29,-16,8HwsJ5o7djnyCoNG5DMuqtM6rTQ=,gPVrxTwVqGJCNPVBH2/5jpyZ4KM=
26,-16,8HwsJ5o7djnyCoNG5DMuqtM6rTQ=,QQLkh4mMpNqa+zcMtGHJngouglo=
30,-16,8HwsJ5o7djnyCoNG5DMuqtM6rTQ=,gPVrxTwVqGJCNPVBH2/5jpyZ4KM=
28,-16,8HwsJ5o7djnyCoNG5DMuqtM6rTQ=,gPVrxTwVqGJCNPVBH2/5jpyZ4KM=
24,-16,8HwsJ5o7djnyCoNG5DMuqtM6rTQ=,QQLkh4mMpNqa+zcMtGHJngouglo=
25,-16,8HwsJ5o7djnyCoNG5DMuqtM6rTQ=,QQLkh4mMpNqa+zcMtGHJngouglo=
27,-16,8HwsJ5o7djnyCoNG5DMuqtM6rTQ=,QQLkh4mMpNqa+zcMtGHJngouglo=
31,-16,8HwsJ5o7djnyCoNG5DMuqtM6rTQ=,gPVrxTwVqGJCNPVBH2/5jpyZ4KM=
31,-1,8HwsJ5o7djnyCoNG5DMuqtM6rTQ=,xdKn4bPGSaH4e6Z7XpGQ/ZvuM0s=
20,-16,8HwsJ5o7djnyCoNG5DMuqtM6rTQ=,wJL41xQjakhv5dRuXyIJ8BV6km8=
17,-22,Hu2qq4tzId7W3tWywuK43iXtNjE=,2WnmmdTjbul+0B2Nhp960Tc88mg=
18,-23,Hu2qq4tzId7W3tWywuK43iXtNjE=,2WnmmdTjbul+0B2Nhp960Tc88mg=
20,-23,Hu2qq4tzId7W3tWywuK43iXtNjE=,2WnmmdTjbul+0B2Nhp960Tc88mg=
18,-22,Hu2qq4tzId7W3tWywuK43iXtNjE=,2WnmmdTjbul+0B2Nhp960Tc88mg=
17,-23,Hu2qq4tzId7W3tWywuK43iXtNjE=,2WnmmdTjbul+0B2Nhp960Tc88mg=
20,-19,Hu2qq4tzId7W3tWywuK43iXtNjE=,enmMlskpSx5kwpm5pDbuky+ozDU=
22,-20,Hu2qq4tzId7W3tWywuK43iXtNjE=,enmMlskpSx5kwpm5pDbuky+ozDU=
21,-23,Hu2qq4tzId7W3tWywuK43iXtNjE=,2WnmmdTjbul+0B2Nhp960Tc88mg=
21,-20,Hu2qq4tzId7W3tWywuK43iXtNjE=,enmMlskpSx5kwpm5pDbuky+ozDU=
17,-21,Hu2qq4tzId7W3tWywuK43iXtNjE=,2WnmmdTjbul+0B2Nhp960Tc88mg=
21,-19,Hu2qq4tzId7W3tWywuK43iXtNjE=,enmMlskpSx5kwpm5pDbuky+ozDU=
22,-23,Hu2qq4tzId7W3tWywuK43iXtNjE=,2WnmmdTjbul+0B2Nhp960Tc88mg=
20,-20,Hu2qq4tzId7W3tWywuK43iXtNjE=,enmMlskpSx5kwpm5pDbuky+ozDU=
19,-21,Hu2qq4tzId7W3tWywuK43iXtNjE=,2WnmmdTjbul+0B2Nhp960Tc88mg=
22,-19,Hu2qq4tzId7W3tWywuK43iXtNjE=,enmMlskpSx5kwpm5pDbuky+ozDU=
22,-18,Hu2qq4tzId7W3tWywuK43iXtNjE=,enmMlskpSx5kwpm5pDbuky+ozDU=
22,-21,Hu2qq4tzId7W3tWywuK43iXtNjE=,2WnmmdTjbul+0B2Nhp960Tc88mg=
19,-23,Hu2qq4tzId7W3tWywuK43iXtNjE=,2WnmmdTjbul+0B2Nhp960Tc88mg=
20,-21,Hu2qq4tzId7W3tWywuK43iXtNjE=,2WnmmdTjbul+0B2Nhp960Tc88mg=
20,-22,Hu2qq4tzId7W3tWywuK43iXtNjE=,2WnmmdTjbul+0B2Nhp960Tc88mg=
21,-18,Hu2qq4tzId7W3tWywuK43iXtNjE=,enmMlskpSx5kwpm5pDbuky+ozDU=
19,-22,Hu2qq4tzId7W3tWywuK43iXtNjE=,2WnmmdTjbul+0B2Nhp960Tc88mg=
21,-22,Hu2qq4tzId7W3tWywuK43iXtNjE=,2WnmmdTjbul+0B2Nhp960Tc88mg=
21,-21,Hu2qq4tzId7W3tWywuK43iXtNjE=,2WnmmdTjbul+0B2Nhp960Tc88mg=
18,-21,Hu2qq4tzId7W3tWywuK43iXtNjE=,2WnmmdTjbul+0B2Nhp960Tc88mg=
22,-22,Hu2qq4tzId7W3tWywuK43iXtNjE=,2WnmmdTjbul+0B2Nhp960Tc88mg=
20,-18,Hu2qq4tzId7W3tWywuK43iXtNjE=,enmMlskpSx5kwpm5pDbuky+ozDU=
21,-25,Pxye2qJH1COCznsN2x91nhYdbzI=,rxnlHm8krHyw9VlD3H6jrq2PXi8=
21,-24,Pxye2qJH1COCznsN2x91nhYdbzI=,2WnmmdTjbul+0B2Nhp960Tc88mg=
22,-24,Pxye2qJH1COCznsN2x91nhYdbzI=,2WnmmdTjbul+0B2Nhp960Tc88mg=
21,-27,Pxye2qJH1COCznsN2x91nhYdbzI=,rxnlHm8krHyw9VlD3H6jrq2PXi8=
22,-26,Pxye2qJH1COCznsN2x91nhYdbzI=,rxnlHm8krHyw9VlD3H6jrq2PXi8=
22,-25,Pxye2qJH1COCznsN2x91nhYdbzI=,rxnlHm8krHyw9VlD3H6jrq2PXi8=
22,-27,Pxye2qJH1COCznsN2x91nhYdbzI=,rxnlHm8krHyw9VlD3H6jrq2PXi8=
21,-26,Pxye2qJH1COCznsN2x91nhYdbzI=,rxnlHm8krHyw9VlD3H6jrq2PXi8=
18,-30,Pxye2qJH1COCznsN2x91nhYdbzI=,KLrL7xptuGg0z0hDtU3WNUM5LuM=
17,-31,Pxye2qJH1COCznsN2x91nhYdbzI=,KLrL7xptuGg0z0hDtU3WNUM5LuM=
18,-31,Pxye2qJH1COCznsN2x91nhYdbzI=,KLrL7xptuGg0z0hDtU3WNUM5LuM=
17,-30,Pxye2qJH1COCznsN2x91nhYdbzI=,KLrL7xptuGg0z0hDtU3WNUM5LuM=
19,-24,Pxye2qJH1COCznsN2x91nhYdbzI=,2WnmmdTjbul+0B2Nhp960Tc88mg=
20,-25,Pxye2qJH1COCznsN2x91nhYdbzI=,rxnlHm8krHyw9VlD3H6jrq2PXi8=
18,-26,Pxye2qJH1COCznsN2x91nhYdbzI=,iCb2+rdbOjnPYAs+DQ9Nyl8LGvQ=
20,-26,Pxye2qJH1COCznsN2x91nhYdbzI=,rxnlHm8krHyw9VlD3H6jrq2PXi8=
20,-24,Pxye2qJH1COCznsN2x91nhYdbzI=,2WnmmdTjbul+0B2Nhp960Tc88mg=
19,-25,Pxye2qJH1COCznsN2x91nhYdbzI=,iCb2+rdbOjnPYAs+DQ9Nyl8LGvQ=
17,-25,Pxye2qJH1COCznsN2x91nhYdbzI=,iCb2+rdbOjnPYAs+DQ9Nyl8LGvQ=
18,-25,Pxye2qJH1COCznsN2x91nhYdbzI=,iCb2+rdbOjnPYAs+DQ9Nyl8LGvQ=
19,-26,Pxye2qJH1COCznsN2x91nhYdbzI=,iCb2+rdbOjnPYAs+DQ9Nyl8LGvQ=
17,-26,Pxye2qJH1COCznsN2x91nhYdbzI=,iCb2+rdbOjnPYAs+DQ9Nyl8LGvQ=
20,-27,Pxye2qJH1COCznsN2x91nhYdbzI=,rxnlHm8krHyw9VlD3H6jrq2PXi8=
18,-29,Pxye2qJH1COCznsN2x91nhYdbzI=,KLrL7xptuGg0z0hDtU3WNUM5LuM=
19,-27,Pxye2qJH1COCznsN2x91nhYdbzI=,iCb2+rdbOjnPYAs+DQ9Nyl8LGvQ=
17,-28,Pxye2qJH1COCznsN2x91nhYdbzI=,iCb2+rdbOjnPYAs+DQ9Nyl8LGvQ=
17,-24,Pxye2qJH1COCznsN2x91nhYdbzI=,2WnmmdTjbul+0B2Nhp960Tc88mg=
18,-28,Pxye2qJH1COCznsN2x91nhYdbzI=,iCb2+rdbOjnPYAs+DQ9Nyl8LGvQ=
18,-27,Pxye2qJH1COCznsN2x91nhYdbzI=,iCb2+rdbOjnPYAs+DQ9Nyl8LGvQ=
17,-27,Pxye2qJH1COCznsN2x91nhYdbzI=,iCb2+rdbOjnPYAs+DQ9Nyl8LGvQ=
17,-29,Pxye2qJH1COCznsN2x91nhYdbzI=,KLrL7xptuGg0z0hDtU3WNUM5LuM=
20,-29,Pxye2qJH1COCznsN2x91nhYdbzI=,k3en6edNoti1rDMarN4Xq9K7SCE=
19,-29,Pxye2qJH1COCznsN2x91nhYdbzI=,KLrL7xptuGg0z0hDtU3WNUM5LuM=
21,-28,Pxye2qJH1COCznsN2x91nhYdbzI=,rxnlHm8krHyw9VlD3H6jrq2PXi8=
20,-31,Pxye2qJH1COCznsN2x91nhYdbzI=,k3en6edNoti1rDMarN4Xq9K7SCE=
19,-30,Pxye2qJH1COCznsN2x91nhYdbzI=,KLrL7xptuGg0z0hDtU3WNUM5LuM=
22,-28,Pxye2qJH1COCznsN2x91nhYdbzI=,rxnlHm8krHyw9VlD3H6jrq2PXi8=
20,-28,Pxye2qJH1COCznsN2x91nhYdbzI=,rxnlHm8krHyw9VlD3H6jrq2PXi8=
21,-29,Pxye2qJH1COCznsN2x91nhYdbzI=,k3en6edNoti1rDMarN4Xq9K7SCE=
18,-24,Pxye2qJH1COCznsN2x91nhYdbzI=,2WnmmdTjbul+0B2Nhp960Tc88mg=
19,-31,Pxye2qJH1COCznsN2x91nhYdbzI=,KLrL7xptuGg0z0hDtU3WNUM5LuM=
20,-30,Pxye2qJH1COCznsN2x91nhYdbzI=,k3en6edNoti1rDMarN4Xq9K7SCE=
22,-29,Pxye2qJH1COCznsN2x91nhYdbzI=,k3en6edNoti1rDMarN4Xq9K7SCE=
21,-30,Pxye2qJH1COCznsN2x91nhYdbzI=,k3en6edNoti1rDMarN4Xq9K7SCE=
19,-28,Pxye2qJH1COCznsN2x91nhYdbzI=,iCb2+rdbOjnPYAs+DQ9Nyl8LGvQ=
22,-31,Pxye2qJH1COCznsN2x91nhYdbzI=,k3en6edNoti1rDMarN4Xq9K7SCE=
22,-30,Pxye2qJH1COCznsN2x91nhYdbzI=,k3en6edNoti1rDMarN4Xq9K7SCE=
21,-31,Pxye2qJH1COCznsN2x91nhYdbzI=,k3en6edNoti1rDMarN4Xq9K7SCE=
23,-26,Pxye2qJH1COCznsN2x91nhYdbzI=,rxnlHm8krHyw9VlD3H6jrq2PXi8=
23,-27,Pxye2qJH1COCznsN2x91nhYdbzI=,rxnlHm8krHyw9VlD3H6jrq2PXi8=
25,-27,Pxye2qJH1COCznsN2x91nhYdbzI=,rxnlHm8krHyw9VlD3H6jrq2PXi8=
26,-26,Pxye2qJH1COCznsN2x91nhYdbzI=,rxnlHm8krHyw9VlD3H6jrq2PXi8=
24,-26,Pxye2qJH1COCznsN2x91nhYdbzI=,rxnlHm8krHyw9VlD3H6jrq2PXi8=
26,-27,Pxye2qJH1COCznsN2x91nhYdbzI=,rxnlHm8krHyw9VlD3H6jrq2PXi8=
24,-27,Pxye2qJH1COCznsN2x91nhYdbzI=,rxnlHm8krHyw9VlD3H6jrq2PXi8=
25,-26,Pxye2qJH1COCznsN2x91nhYdbzI=,rxnlHm8krHyw9VlD3H6jrq2PXi8=
25,-28,Pxye2qJH1COCznsN2x91nhYdbzI=,rxnlHm8krHyw9VlD3H6jrq2PXi8=
23,-29,Pxye2qJH1COCznsN2x91nhYdbzI=,k3en6edNoti1rDMarN4Xq9K7SCE=
24,-28,Pxye2qJH1COCznsN2x91nhYdbzI=,rxnlHm8krHyw9VlD3H6jrq2PXi8=
26,-29,Pxye2qJH1COCznsN2x91nhYdbzI=,k3en6edNoti1rDMarN4Xq9K7SCE=
26,-28,Pxye2qJH1COCznsN2x91nhYdbzI=,rxnlHm8krHyw9VlD3H6jrq2PXi8=
23,-31,Pxye2qJH1COCznsN2x91nhYdbzI=,k3en6edNoti1rDMarN4Xq9K7SCE=
24,-31,Pxye2qJH1COCznsN2x91nhYdbzI=,k3en6edNoti1rDMarN4Xq9K7SCE=
25,-30,Pxye2qJH1COCznsN2x91nhYdbzI=,k3en6edNoti1rDMarN4Xq9K7SCE=
23,-30,Pxye2qJH1COCznsN2x91nhYdbzI=,k3en6edNoti1rDMarN4Xq9K7SCE=
24,-29,Pxye2qJH1COCznsN2x91nhYdbzI=,k3en6edNoti1rDMarN4Xq9K7SCE=
23,-28,Pxye2qJH1COCznsN2x91nhYdbzI=,rxnlHm8krHyw9VlD3H6jrq2PXi8=
25,-29,Pxye2qJH1COCznsN2x91nhYdbzI=,k3en6edNoti1rDMarN4Xq9K7SCE=
26,-30,Pxye2qJH1COCznsN2x91nhYdbzI=,k3en6edNoti1rDMarN4Xq9K7SCE=
24,-30,Pxye2qJH1COCznsN2x91nhYdbzI=,k3en6edNoti1rDMarN4Xq9K7SCE=
25,-31,Pxye2qJH1COCznsN2x91nhYdbzI=,k3en6edNoti1rDMarN4Xq9K7SCE=
26,-31,eqM70Rb3kUETXnpRTXm+/TT3w/4=,k3en6edNoti1rDMarN4Xq9K7SCE=
29,-26,eqM70Rb3kUETXnpRTXm+/TT3w/4=,VlEh/zBpZT2IVfqNIAmVsQNT7FI=
27,-26,eqM70Rb3kUETXnpRTXm+/TT3w/4=,rxnlHm8krHyw9VlD3H6jrq2PXi8=
30,-26,eqM70Rb3kUETXnpRTXm+/TT3w/4=,VlEh/zBpZT2IVfqNIAmVsQNT7FI=
30,-27,eqM70Rb3kUETXnpRTXm+/TT3w/4=,VlEh/zBpZT2IVfqNIAmVsQNT7FI=
28,-27,eqM70Rb3kUETXnpRTXm+/TT3w/4=,VlEh/zBpZT2IVfqNIAmVsQNT7FI=
27,-27,eqM70Rb3kUETXnpRTXm+/TT3w/4=,rxnlHm8krHyw9VlD3H6jrq2PXi8=
29,-27,eqM70Rb3kUETXnpRTXm+/TT3w/4=,VlEh/zBpZT2IVfqNIAmVsQNT7FI=
28,-26,eqM70Rb3kUETXnpRTXm+/TT3w/4=,VlEh/zBpZT2IVfqNIAmVsQNT7FI=
28,-29,eqM70Rb3kUETXnpRTXm+/TT3w/4=,QBQ975Rm+lR6rvdkookkZj7xdJ8=
29,-30,eqM70Rb3kUETXnpRTXm+/TT3w/4=,QBQ975Rm+lR6rvdkookkZj7xdJ8=
27,-31,eqM70Rb3kUETXnpRTXm+/TT3w/4=,k3en6edNoti1rDMarN4Xq9K7SCE=
29,-31,eqM70Rb3kUETXnpRTXm+/TT3w/4=,QBQ975Rm+lR6rvdkookkZj7xdJ8=
27,-29,eqM70Rb3kUETXnpRTXm+/TT3w/4=,k3en6edNoti1rDMarN4Xq9K7SCE=
27,-30,eqM70Rb3kUETXnpRTXm+/TT3w/4=,k3en6edNoti1rDMarN4Xq9K7SCE=
28,-31,eqM70Rb3kUETXnpRTXm+/TT3w/4=,QBQ975Rm+lR6rvdkookkZj7xdJ8=
28,-28,eqM70Rb3kUETXnpRTXm+/TT3w/4=,VlEh/zBpZT2IVfqNIAmVsQNT7FI=
29,-29,eqM70Rb3kUETXnpRTXm+/TT3w/4=,QBQ975Rm+lR6rvdkookkZj7xdJ8=
30,-29,eqM70Rb3kUETXnpRTXm+/TT3w/4=,QBQ975Rm+lR6rvdkookkZj7xdJ8=
28,-30,eqM70Rb3kUETXnpRTXm+/TT3w/4=,QBQ975Rm+lR6rvdkookkZj7xdJ8=
29,-28,eqM70Rb3kUETXnpRTXm+/TT3w/4=,VlEh/zBpZT2IVfqNIAmVsQNT7FI=
27,-28,eqM70Rb3kUETXnpRTXm+/TT3w/4=,rxnlHm8krHyw9VlD3H6jrq2PXi8=
30,-30,eqM70Rb3kUETXnpRTXm+/TT3w/4=,QBQ975Rm+lR6rvdkookkZj7xdJ8=
30,-28,eqM70Rb3kUETXnpRTXm+/TT3w/4=,VlEh/zBpZT2IVfqNIAmVsQNT7FI=
30,-31,eqM70Rb3kUETXnpRTXm+/TT3w/4=,QBQ975Rm+lR6rvdkookkZj7xdJ8=
23,-22,eqM70Rb3kUETXnpRTXm+/TT3w/4=,2WnmmdTjbul+0B2Nhp960Tc88mg=
24,-22,eqM70Rb3kUETXnpRTXm+/TT3w/4=,KgcVEuAa+cCvIESUSVc47NhwwCU=
24,-25,eqM70Rb3kUETXnpRTXm+/TT3w/4=,rxnlHm8krHyw9VlD3H6jrq2PXi8=
25,-22,eqM70Rb3kUETXnpRTXm+/TT3w/4=,KgcVEuAa+cCvIESUSVc47NhwwCU=
26,-23,eqM70Rb3kUETXnpRTXm+/TT3w/4=,KgcVEuAa+cCvIESUSVc47NhwwCU=
23,-24,eqM70Rb3kUETXnpRTXm+/TT3w/4=,2WnmmdTjbul+0B2Nhp960Tc88mg=
23,-23,eqM70Rb3kUETXnpRTXm+/TT3w/4=,2WnmmdTjbul+0B2Nhp960Tc88mg=
24,-23,eqM70Rb3kUETXnpRTXm+/TT3w/4=,KgcVEuAa+cCvIESUSVc47NhwwCU=
25,-23,eqM70Rb3kUETXnpRTXm+/TT3w/4=,KgcVEuAa+cCvIESUSVc47NhwwCU=
25,-24,eqM70Rb3kUETXnpRTXm+/TT3w/4=,KgcVEuAa+cCvIESUSVc47NhwwCU=
24,-24,eqM70Rb3kUETXnpRTXm+/TT3w/4=,KgcVEuAa+cCvIESUSVc47NhwwCU=
26,-25,eqM70Rb3kUETXnpRTXm+/TT3w/4=,rxnlHm8krHyw9VlD3H6jrq2PXi8=
26,-24,eqM70Rb3kUETXnpRTXm+/TT3w/4=,KgcVEuAa+cCvIESUSVc47NhwwCU=
25,-25,eqM70Rb3kUETXnpRTXm+/TT3w/4=,rxnlHm8krHyw9VlD3H6jrq2PXi8=
26,-22,eqM70Rb3kUETXnpRTXm+/TT3w/4=,KgcVEuAa+cCvIESUSVc47NhwwCU=
23,-25,eqM70Rb3kUETXnpRTXm+/TT3w/4=,rxnlHm8krHyw9VlD3H6jrq2PXi8=
22,-17,eqM70Rb3kUETXnpRTXm+/TT3w/4=,enmMlskpSx5kwpm5pDbuky+ozDU=
21,-17,eqM70Rb3kUETXnpRTXm+/TT3w/4=,enmMlskpSx5kwpm5pDbuky+ozDU=
27,-23,eqM70Rb3kUETXnpRTXm+/TT3w/4=,KgcVEuAa+cCvIESUSVc47NhwwCU=
28,-24,eqM70Rb3kUETXnpRTXm+/TT3w/4=,VlEh/zBpZT2IVfqNIAmVsQNT7FI=
31,-22,eqM70Rb3kUETXnpRTXm+/TT3w/4=,VlEh/zBpZT2IVfqNIAmVsQNT7FI=
31,-23,eqM70Rb3kUETXnpRTXm+/TT3w/4=,VlEh/zBpZT2IVfqNIAmVsQNT7FI=
30,-23,eqM70Rb3kUETXnpRTXm+/TT3w/4=,VlEh/zBpZT2IVfqNIAmVsQNT7FI=
29,-24,eqM70Rb3kUETXnpRTXm+/TT3w/4=,VlEh/zBpZT2IVfqNIAmVsQNT7FI=
27,-24,eqM70Rb3kUETXnpRTXm+/TT3w/4=,KgcVEuAa+cCvIESUSVc47NhwwCU=
20,-17,eqM70Rb3kUETXnpRTXm+/TT3w/4=,enmMlskpSx5kwpm5pDbuky+ozDU=
27,-22,eqM70Rb3kUETXnpRTXm+/TT3w/4=,KgcVEuAa+cCvIESUSVc47NhwwCU=
27,-25,eqM70Rb3kUETXnpRTXm+/TT3w/4=,rxnlHm8krHyw9VlD3H6jrq2PXi8=
30,-25,eqM70Rb3kUETXnpRTXm+/TT3w/4=,VlEh/zBpZT2IVfqNIAmVsQNT7FI=
29,-25,eqM70Rb3kUETXnpRTXm+/TT3w/4=,VlEh/zBpZT2IVfqNIAmVsQNT7FI=
29,-23,eqM70Rb3kUETXnpRTXm+/TT3w/4=,VlEh/zBpZT2IVfqNIAmVsQNT7FI=
29,-22,eqM70Rb3kUETXnpRTXm+/TT3w/4=,VlEh/zBpZT2IVfqNIAmVsQNT7FI=
28,-22,eqM70Rb3kUETXnpRTXm+/TT3w/4=,VlEh/zBpZT2IVfqNIAmVsQNT7FI=
30,-22,eqM70Rb3kUETXnpRTXm+/TT3w/4=,VlEh/zBpZT2IVfqNIAmVsQNT7FI=
28,-25,eqM70Rb3kUETXnpRTXm+/TT3w/4=,VlEh/zBpZT2IVfqNIAmVsQNT7FI=
30,-24,eqM70Rb3kUETXnpRTXm+/TT3w/4=,VlEh/zBpZT2IVfqNIAmVsQNT7FI=
28,-23,eqM70Rb3kUETXnpRTXm+/TT3w/4=,VlEh/zBpZT2IVfqNIAmVsQNT7FI=
31,-30,eqM70Rb3kUETXnpRTXm+/TT3w/4=,QBQ975Rm+lR6rvdkookkZj7xdJ8=
31,-31,eqM70Rb3kUETXnpRTXm+/TT3w/4=,QBQ975Rm+lR6rvdkookkZj7xdJ8=
30,-32,eqM70Rb3kUETXnpRTXm+/TT3w/4=,QBQ975Rm+lR6rvdkookkZj7xdJ8=
31,-28,eqM70Rb3kUETXnpRTXm+/TT3w/4=,VlEh/zBpZT2IVfqNIAmVsQNT7FI=
31,-24,eqM70Rb3kUETXnpRTXm+/TT3w/4=,VlEh/zBpZT2IVfqNIAmVsQNT7FI=
31,-26,eqM70Rb3kUETXnpRTXm+/TT3w/4=,VlEh/zBpZT2IVfqNIAmVsQNT7FI=
31,-25,eqM70Rb3kUETXnpRTXm+/TT3w/4=,VlEh/zBpZT2IVfqNIAmVsQNT7FI=
29,-32,eqM70Rb3kUETXnpRTXm+/TT3w/4=,QBQ975Rm+lR6rvdkookkZj7xdJ8=
31,-29,eqM70Rb3kUETXnpRTXm+/TT3w/4=,QBQ975Rm+lR6rvdkookkZj7xdJ8=
31,-27,eqM70Rb3kUETXnpRTXm+/TT3w/4=,VlEh/zBpZT2IVfqNIAmVsQNT7FI=
24,-21,eqM70Rb3kUETXnpRTXm+/TT3w/4=,KgcVEuAa+cCvIESUSVc47NhwwCU=
24,-18,eqM70Rb3kUETXnpRTXm+/TT3w/4=,QQLkh4mMpNqa+zcMtGHJngouglo=
24,-17,eqM70Rb3kUETXnpRTXm+/TT3w/4=,QQLkh4mMpNqa+zcMtGHJngouglo=
24,-19,eqM70Rb3kUETXnpRTXm+/TT3w/4=,QQLkh4mMpNqa+zcMtGHJngouglo=
25,-17,eqM70Rb3kUETXnpRTXm+/TT3w/4=,QQLkh4mMpNqa+zcMtGHJngouglo=
23,-21,eqM70Rb3kUETXnpRTXm+/TT3w/4=,2WnmmdTjbul+0B2Nhp960Tc88mg=
25,-18,eqM70Rb3kUETXnpRTXm+/TT3w/4=,QQLkh4mMpNqa+zcMtGHJngouglo=
23,-17,eqM70Rb3kUETXnpRTXm+/TT3w/4=,enmMlskpSx5kwpm5pDbuky+ozDU=
26,-19,eqM70Rb3kUETXnpRTXm+/TT3w/4=,QQLkh4mMpNqa+zcMtGHJngouglo=
26,-17,eqM70Rb3kUETXnpRTXm+/TT3w/4=,QQLkh4mMpNqa+zcMtGHJngouglo=
26,-20,eqM70Rb3kUETXnpRTXm+/TT3w/4=,QQLkh4mMpNqa+zcMtGHJngouglo=
23,-18,eqM70Rb3kUETXnpRTXm+/TT3w/4=,enmMlskpSx5kwpm5pDbuky+ozDU=
25,-21,eqM70Rb3kUETXnpRTXm+/TT3w/4=,KgcVEuAa+cCvIESUSVc47NhwwCU=
21,-32,eqM70Rb3kUETXnpRTXm+/TT3w/4=,k3en6edNoti1rDMarN4Xq9K7SCE=
28,-32,eqM70Rb3kUETXnpRTXm+/TT3w/4=,QBQ975Rm+lR6rvdkookkZj7xdJ8=
27,-32,eqM70Rb3kUETXnpRTXm+/TT3w/4=,k3en6edNoti1rDMarN4Xq9K7SCE=
26,-32,eqM70Rb3kUETXnpRTXm+/TT3w/4=,k3en6edNoti1rDMarN4Xq9K7SCE=
25,-32,eqM70Rb3kUETXnpRTXm+/TT3w/4=,k3en6edNoti1rDMarN4Xq9K7SCE=
25,-20,eqM70Rb3kUETXnpRTXm+/TT3w/4=,QQLkh4mMpNqa+zcMtGHJngouglo=
26,-18,eqM70Rb3kUETXnpRTXm+/TT3w/4=,QQLkh4mMpNqa+zcMtGHJngouglo=
23,-32,eqM70Rb3kUETXnpRTXm+/TT3w/4=,k3en6edNoti1rDMarN4Xq9K7SCE=
24,-32,eqM70Rb3kUETXnpRTXm+/TT3w/4=,k3en6edNoti1rDMarN4Xq9K7SCE=
23,-19,eqM70Rb3kUETXnpRTXm+/TT3w/4=,enmMlskpSx5kwpm5pDbuky+ozDU=
22,-32,eqM70Rb3kUETXnpRTXm+/TT3w/4=,k3en6edNoti1rDMarN4Xq9K7SCE=
25,-19,eqM70Rb3kUETXnpRTXm+/TT3w/4=,QQLkh4mMpNqa+zcMtGHJngouglo=
26,-21,eqM70Rb3kUETXnpRTXm+/TT3w/4=,KgcVEuAa+cCvIESUSVc47NhwwCU=
23,-20,eqM70Rb3kUETXnpRTXm+/TT3w/4=,enmMlskpSx5kwpm5pDbuky+ozDU=
19,-32,eqM70Rb3kUETXnpRTXm+/TT3w/4=,KLrL7xptuGg0z0hDtU3WNUM5LuM=
20,-32,eqM70Rb3kUETXnpRTXm+/TT3w/4=,k3en6edNoti1rDMarN4Xq9K7SCE=
28,-21,eqM70Rb3kUETXnpRTXm+/TT3w/4=,VlEh/zBpZT2IVfqNIAmVsQNT7FI=
30,-18,eqM70Rb3kUETXnpRTXm+/TT3w/4=,gPVrxTwVqGJCNPVBH2/5jpyZ4KM=
28,-18,eqM70Rb3kUETXnpRTXm+/TT3w/4=,gPVrxTwVqGJCNPVBH2/5jpyZ4KM=
27,-18,eqM70Rb3kUETXnpRTXm+/TT3w/4=,QQLkh4mMpNqa+zcMtGHJngouglo=
17,-32,eqM70Rb3kUETXnpRTXm+/TT3w/4=,KLrL7xptuGg0z0hDtU3WNUM5LuM=
31,-19,eqM70Rb3kUETXnpRTXm+/TT3w/4=,gPVrxTwVqGJCNPVBH2/5jpyZ4KM=
29,-19,eqM70Rb3kUETXnpRTXm+/TT3w/4=,gPVrxTwVqGJCNPVBH2/5jpyZ4KM=
29,-17,eqM70Rb3kUETXnpRTXm+/TT3w/4=,gPVrxTwVqGJCNPVBH2/5jpyZ4KM=
28,-17,eqM70Rb3kUETXnpRTXm+/TT3w/4=,gPVrxTwVqGJCNPVBH2/5jpyZ4KM=
24,-20,eqM70Rb3kUETXnpRTXm+/TT3w/4=,QQLkh4mMpNqa+zcMtGHJngouglo=
29,-18,eqM70Rb3kUETXnpRTXm+/TT3w/4=,gPVrxTwVqGJCNPVBH2/5jpyZ4KM=
28,-20,eqM70Rb3kUETXnpRTXm+/TT3w/4=,gPVrxTwVqGJCNPVBH2/5jpyZ4KM=
29,-21,eqM70Rb3kUETXnpRTXm+/TT3w/4=,VlEh/zBpZT2IVfqNIAmVsQNT7FI=
31,-20,eqM70Rb3kUETXnpRTXm+/TT3w/4=,gPVrxTwVqGJCNPVBH2/5jpyZ4KM=
27,-20,eqM70Rb3kUETXnpRTXm+/TT3w/4=,QQLkh4mMpNqa+zcMtGHJngouglo=
31,-18,eqM70Rb3kUETXnpRTXm+/TT3w/4=,gPVrxTwVqGJCNPVBH2/5jpyZ4KM=
31,-21,eqM70Rb3kUETXnpRTXm+/TT3w/4=,VlEh/zBpZT2IVfqNIAmVsQNT7FI=
29,-20,eqM70Rb3kUETXnpRTXm+/TT3w/4=,gPVrxTwVqGJCNPVBH2/5jpyZ4KM=
30,-17,eqM70Rb3kUETXnpRTXm+/TT3w/4=,gPVrxTwVqGJCNPVBH2/5jpyZ4KM=
16,-31,eqM70Rb3kUETXnpRTXm+/TT3w/4=,KLrL7xptuGg0z0hDtU3WNUM5LuM=
27,-19,eqM70Rb3kUETXnpRTXm+/TT3w/4=,QQLkh4mMpNqa+zcMtGHJngouglo=
28,-19,eqM70Rb3kUETXnpRTXm+/TT3w/4=,gPVrxTwVqGJCNPVBH2/5jpyZ4KM=
16,-30,eqM70Rb3kUETXnpRTXm+/TT3w/4=,KLrL7xptuGg0z0hDtU3WNUM5LuM=
18,-32,eqM70Rb3kUETXnpRTXm+/TT3w/4=,KLrL7xptuGg0z0hDtU3WNUM5LuM=
30,-20,eqM70Rb3kUETXnpRTXm+/TT3w/4=,gPVrxTwVqGJCNPVBH2/5jpyZ4KM=
27,-17,eqM70Rb3kUETXnpRTXm+/TT3w/4=,QQLkh4mMpNqa+zcMtGHJngouglo=
30,-19,eqM70Rb3kUETXnpRTXm+/TT3w/4=,gPVrxTwVqGJCNPVBH2/5jpyZ4KM=
27,-21,eqM70Rb3kUETXnpRTXm+/TT3w/4=,KgcVEuAa+cCvIESUSVc47NhwwCU=
30,-21,eqM70Rb3kUETXnpRTXm+/TT3w/4=,VlEh/zBpZT2IVfqNIAmVsQNT7FI=
16,-26,eqM70Rb3kUETXnpRTXm+/TT3w/4=,iCb2+rdbOjnPYAs+DQ9Nyl8LGvQ=
16,-29,eqM70Rb3kUETXnpRTXm+/TT3w/4=,KLrL7xptuGg0z0hDtU3WNUM5LuM=
16,-27,eqM70Rb3kUETXnpRTXm+/TT3w/4=,iCb2+rdbOjnPYAs+DQ9Nyl8LGvQ=
16,-28,eqM70Rb3kUETXnpRTXm+/TT3w/4=,iCb2+rdbOjnPYAs+DQ9Nyl8LGvQ=
16,-24,eqM70Rb3kUETXnpRTXm+/TT3w/4=,2WnmmdTjbul+0B2Nhp960Tc88mg=
16,-22,eqM70Rb3kUETXnpRTXm+/TT3w/4=,2WnmmdTjbul+0B2Nhp960Tc88mg=
16,-23,eqM70Rb3kUETXnpRTXm+/TT3w/4=,2WnmmdTjbul+0B2Nhp960Tc88mg=
16,-25,eqM70Rb3kUETXnpRTXm+/TT3w/4=,iCb2+rdbOjnPYAs+DQ9Nyl8LGvQ=
16,-21,eqM70Rb3kUETXnpRTXm+/TT3w/4=,2WnmmdTjbul+0B2Nhp960Tc88mg=
31,-32,eqM70Rb3kUETXnpRTXm+/TT3w/4=,QBQ975Rm+lR6rvdkookkZj7xdJ8=
31,-17,eqM70Rb3kUETXnpRTXm+/TT3w/4=,gPVrxTwVqGJCNPVBH2/5jpyZ4KM=
16,-32,eqM70Rb3kUETXnpRTXm+/TT3w/4=,KLrL7xptuGg0z0hDtU3WNUM5LuM=
5,-23,9VaHQ1GrG3M/UjpO/9OYlrm9BmI=,56FRRgdNKk05hS4c/OMsVF9pUbk=
6,-23,9VaHQ1GrG3M/UjpO/9OYlrm9BmI=,56FRRgdNKk05hS4c/OMsVF9pUbk=
6,-22,9VaHQ1GrG3M/UjpO/9OYlrm9BmI=,56FRRgdNKk05hS4c/OMsVF9pUbk=
5,-22,9VaHQ1GrG3M/UjpO/9OYlrm9BmI=,56FRRgdNKk05hS4c/OMsVF9pUbk=
1,-22,9VaHQ1GrG3M/UjpO/9OYlrm9BmI=,RoF0sglkMvP+hUUBQ72X7od2mbY=
2,-23,9VaHQ1GrG3M/UjpO/9OYlrm9BmI=,RoF0sglkMvP+hUUBQ72X7od2mbY=
3,-23,9VaHQ1GrG3M/UjpO/9OYlrm9BmI=,RoF0sglkMvP+hUUBQ72X7od2mbY=
6,-21,9VaHQ1GrG3M/UjpO/9OYlrm9BmI=,56FRRgdNKk05hS4c/OMsVF9pUbk=
1,-21,9VaHQ1GrG3M/UjpO/9OYlrm9BmI=,RoF0sglkMvP+hUUBQ72X7od2mbY=
3,-21,9VaHQ1GrG3M/UjpO/9OYlrm9BmI=,RoF0sglkMvP+hUUBQ72X7od2mbY=
2,-21,9VaHQ1GrG3M/UjpO/9OYlrm9BmI=,RoF0sglkMvP+hUUBQ72X7od2mbY=
2,-22,9VaHQ1GrG3M/UjpO/9OYlrm9BmI=,RoF0sglkMvP+hUUBQ72X7od2mbY=
1,-23,9VaHQ1GrG3M/UjpO/9OYlrm9BmI=,RoF0sglkMvP+hUUBQ72X7od2mbY=
4,-22,9VaHQ1GrG3M/UjpO/9OYlrm9BmI=,56FRRgdNKk05hS4c/OMsVF9pUbk=
4,-23,9VaHQ1GrG3M/UjpO/9OYlrm9BmI=,56FRRgdNKk05hS4c/OMsVF9pUbk=
4,-21,9VaHQ1GrG3M/UjpO/9OYlrm9BmI=,56FRRgdNKk05hS4c/OMsVF9pUbk=
3,-22,9VaHQ1GrG3M/UjpO/9OYlrm9BmI=,RoF0sglkMvP+hUUBQ72X7od2mbY=
5,-21,9VaHQ1GrG3M/UjpO/9OYlrm9BmI=,56FRRgdNKk05hS4c/OMsVF9pUbk=
6,-26,YzXLX9TyMVaFaWcwUoJhxSXxInA=,iCb2+rdbOjnPYAs+DQ9Nyl8LGvQ=
5,-26,YzXLX9TyMVaFaWcwUoJhxSXxInA=,iCb2+rdbOjnPYAs+DQ9Nyl8LGvQ=
5,-25,YzXLX9TyMVaFaWcwUoJhxSXxInA=,iCb2+rdbOjnPYAs+DQ9Nyl8LGvQ=
5,-27,YzXLX9TyMVaFaWcwUoJhxSXxInA=,iCb2+rdbOjnPYAs+DQ9Nyl8LGvQ=
6,-24,YzXLX9TyMVaFaWcwUoJhxSXxInA=,56FRRgdNKk05hS4c/OMsVF9pUbk=
6,-27,YzXLX9TyMVaFaWcwUoJhxSXxInA=,iCb2+rdbOjnPYAs+DQ9Nyl8LGvQ=
6,-25,YzXLX9TyMVaFaWcwUoJhxSXxInA=,iCb2+rdbOjnPYAs+DQ9Nyl8LGvQ=
5,-24,YzXLX9TyMVaFaWcwUoJhxSXxInA=,56FRRgdNKk05hS4c/OMsVF9pUbk=
10,-26,YzXLX9TyMVaFaWcwUoJhxSXxInA=,rTBmLehKC3RKXa1MjcRFofXePGw=
10,-27,YzXLX9TyMVaFaWcwUoJhxSXxInA=,rTBmLehKC3RKXa1MjcRFofXePGw=
8,-27,YzXLX9TyMVaFaWcwUoJhxSXxInA=,rTBmLehKC3RKXa1MjcRFofXePGw=
5,-29,YzXLX9TyMVaFaWcwUoJhxSXxInA=,p20KngrWzCq7ceaXY6V7xgMt4xQ=
6,-28,YzXLX9TyMVaFaWcwUoJhxSXxInA=,iCb2+rdbOjnPYAs+DQ9Nyl8LGvQ=
5,-30,YzXLX9TyMVaFaWcwUoJhxSXxInA=,p20KngrWzCq7ceaXY6V7xgMt4xQ=
9,-27,YzXLX9TyMVaFaWcwUoJhxSXxInA=,rTBmLehKC3RKXa1MjcRFofXePGw=
9,-26,YzXLX9TyMVaFaWcwUoJhxSXxInA=,rTBmLehKC3RKXa1MjcRFofXePGw=
8,-26,YzXLX9TyMVaFaWcwUoJhxSXxInA=,rTBmLehKC3RKXa1MjcRFofXePGw=
5,-28,YzXLX9TyMVaFaWcwUoJhxSXxInA=,iCb2+rdbOjnPYAs+DQ9Nyl8LGvQ=
6,-31,YzXLX9TyMVaFaWcwUoJhxSXxInA=,p20KngrWzCq7ceaXY6V7xgMt4xQ=
7,-27,YzXLX9TyMVaFaWcwUoJhxSXxInA=,iCb2+rdbOjnPYAs+DQ9Nyl8LGvQ=
6,-29,YzXLX9TyMVaFaWcwUoJhxSXxInA=,p20KngrWzCq7ceaXY6V7xgMt4xQ=
6,-30,YzXLX9TyMVaFaWcwUoJhxSXxInA=,p20KngrWzCq7ceaXY6V7xgMt4xQ=
7,-26,YzXLX9TyMVaFaWcwUoJhxSXxInA=,iCb2+rdbOjnPYAs+DQ9Nyl8LGvQ=
5,-31,YzXLX9TyMVaFaWcwUoJhxSXxInA=,p20KngrWzCq7ceaXY6V7xgMt4xQ=
7,-29,YzXLX9TyMVaFaWcwUoJhxSXxInA=,p20KngrWzCq7ceaXY6V7xgMt4xQ=
9,-29,YzXLX9TyMVaFaWcwUoJhxSXxInA=,yCD7Q7+knhMl8LLHi5xUg8udUPQ=
8,-29,YzXLX9TyMVaFaWcwUoJhxSXxInA=,yCD7Q7+knhMl8LLHi5xUg8udUPQ=
7,-30,YzXLX9TyMVaFaWcwUoJhxSXxInA=,p20KngrWzCq7ceaXY6V7xgMt4xQ=
10,-29,YzXLX9TyMVaFaWcwUoJhxSXxInA=,yCD7Q7+knhMl8LLHi5xUg8udUPQ=
10,-30,YzXLX9TyMVaFaWcwUoJhxSXxInA=,yCD7Q7+knhMl8LLHi5xUg8udUPQ=
9,-30,YzXLX9TyMVaFaWcwUoJhxSXxInA=,yCD7Q7+knhMl8LLHi5xUg8udUPQ=
7,-31,YzXLX9TyMVaFaWcwUoJhxSXxInA=,p20KngrWzCq7ceaXY6V7xgMt4xQ=
10,-31,YzXLX9TyMVaFaWcwUoJhxSXxInA=,yCD7Q7+knhMl8LLHi5xUg8udUPQ=
9,-31,YzXLX9TyMVaFaWcwUoJhxSXxInA=,yCD7Q7+knhMl8LLHi5xUg8udUPQ=
8,-31,YzXLX9TyMVaFaWcwUoJhxSXxInA=,yCD7Q7+knhMl8LLHi5xUg8udUPQ=
8,-28,YzXLX9TyMVaFaWcwUoJhxSXxInA=,rTBmLehKC3RKXa1MjcRFofXePGw=
7,-28,YzXLX9TyMVaFaWcwUoJhxSXxInA=,iCb2+rdbOjnPYAs+DQ9Nyl8LGvQ=
9,-28,YzXLX9TyMVaFaWcwUoJhxSXxInA=,rTBmLehKC3RKXa1MjcRFofXePGw=
8,-30,YzXLX9TyMVaFaWcwUoJhxSXxInA=,yCD7Q7+knhMl8LLHi5xUg8udUPQ=
10,-28,YzXLX9TyMVaFaWcwUoJhxSXxInA=,rTBmLehKC3RKXa1MjcRFofXePGw=
11,-26,Tu2PVlVg8JekQt0SFJVPaRQskV0=,rTBmLehKC3RKXa1MjcRFofXePGw=
12,-27,Tu2PVlVg8JekQt0SFJVPaRQskV0=,s8e0+wNV4RlSbK9W/7MSRKx6pH4=
11,-27,Tu2PVlVg8JekQt0SFJVPaRQskV0=,rTBmLehKC3RKXa1MjcRFofXePGw=
13,-27,Tu2PVlVg8JekQt0SFJVPaRQskV0=,s8e0+wNV4RlSbK9W/7MSRKx6pH4=
14,-26,Tu2PVlVg8JekQt0SFJVPaRQskV0=,s8e0+wNV4RlSbK9W/7MSRKx6pH4=
12,-26,Tu2PVlVg8JekQt0SFJVPaRQskV0=,s8e0+wNV4RlSbK9W/7MSRKx6pH4=
14,-27,Tu2PVlVg8JekQt0SFJVPaRQskV0=,s8e0+wNV4RlSbK9W/7MSRKx6pH4=
13,-26,Tu2PVlVg8JekQt0SFJVPaRQskV0=,s8e0+wNV4RlSbK9W/7MSRKx6pH4=
10,-22,Tu2PVlVg8JekQt0SFJVPaRQskV0=,O21pLRmDieMUqDo8eMUZ1EOa+Mw=
9,-22,Tu2PVlVg8JekQt0SFJVPaRQskV0=,O21pLRmDieMUqDo8eMUZ1EOa+Mw=
7,-25,Tu2PVlVg8JekQt0SFJVPaRQskV0=,iCb2+rdbOjnPYAs+DQ9Nyl8LGvQ=
10,-25,Tu2PVlVg8JekQt0SFJVPaRQskV0=,rTBmLehKC3RKXa1MjcRFofXePGw=
10,-23,Tu2PVlVg8JekQt0SFJVPaRQskV0=,O21pLRmDieMUqDo8eMUZ1EOa+Mw=
8,-23,Tu2PVlVg8JekQt0SFJVPaRQskV0=,O21pLRmDieMUqDo8eMUZ1EOa+Mw=
8,-24,Tu2PVlVg8JekQt0SFJVPaRQskV0=,O21pLRmDieMUqDo8eMUZ1EOa+Mw=
7,-24,Tu2PVlVg8JekQt0SFJVPaRQskV0=,56FRRgdNKk05hS4c/OMsVF9pUbk=
7,-23,Tu2PVlVg8JekQt0SFJVPaRQskV0=,56FRRgdNKk05hS4c/OMsVF9pUbk=
9,-23,Tu2PVlVg8JekQt0SFJVPaRQskV0=,O21pLRmDieMUqDo8eMUZ1EOa+Mw=
9,-24,Tu2PVlVg8JekQt0SFJVPaRQskV0=,O21pLRmDieMUqDo8eMUZ1EOa+Mw=
9,-25,Tu2PVlVg8JekQt0SFJVPaRQskV0=,rTBmLehKC3RKXa1MjcRFofXePGw=
8,-22,Tu2PVlVg8JekQt0SFJVPaRQskV0=,O21pLRmDieMUqDo8eMUZ1EOa+Mw=
10,-24,Tu2PVlVg8JekQt0SFJVPaRQskV0=,O21pLRmDieMUqDo8eMUZ1EOa+Mw=
8,-25,Tu2PVlVg8JekQt0SFJVPaRQskV0=,rTBmLehKC3RKXa1MjcRFofXePGw=
7,-22,Tu2PVlVg8JekQt0SFJVPaRQskV0=,56FRRgdNKk05hS4c/OMsVF9pUbk=
11,-25,Tu2PVlVg8JekQt0SFJVPaRQskV0=,rTBmLehKC3RKXa1MjcRFofXePGw=
12,-25,Tu2PVlVg8JekQt0SFJVPaRQskV0=,s8e0+wNV4RlSbK9W/7MSRKx6pH4=
14,-22,Tu2PVlVg8JekQt0SFJVPaRQskV0=,Im2jlFbwrhtXF7DeKAVLo9nlePE=
11,-24,Tu2PVlVg8JekQt0SFJVPaRQskV0=,O21pLRmDieMUqDo8eMUZ1EOa+Mw=
14,-25,Tu2PVlVg8JekQt0SFJVPaRQskV0=,s8e0+wNV4RlSbK9W/7MSRKx6pH4=
14,-23,Tu2PVlVg8JekQt0SFJVPaRQskV0=,Im2jlFbwrhtXF7DeKAVLo9nlePE=
13,-25,Tu2PVlVg8JekQt0SFJVPaRQskV0=,s8e0+wNV4RlSbK9W/7MSRKx6pH4=
13,-24,Tu2PVlVg8JekQt0SFJVPaRQskV0=,Im2jlFbwrhtXF7DeKAVLo9nlePE=
14,-24,Tu2PVlVg8JekQt0SFJVPaRQskV0=,Im2jlFbwrhtXF7DeKAVLo9nlePE=
12,-22,Tu2PVlVg8JekQt0SFJVPaRQskV0=,Im2jlFbwrhtXF7DeKAVLo9nlePE=
13,-23,Tu2PVlVg8JekQt0SFJVPaRQskV0=,Im2jlFbwrhtXF7DeKAVLo9nlePE=
13,-22,Tu2PVlVg8JekQt0SFJVPaRQskV0=,Im2jlFbwrhtXF7DeKAVLo9nlePE=
12,-23,Tu2PVlVg8JekQt0SFJVPaRQskV0=,Im2jlFbwrhtXF7DeKAVLo9nlePE=
11,-22,Tu2PVlVg8JekQt0SFJVPaRQskV0=,O21pLRmDieMUqDo8eMUZ1EOa+Mw=
11,-23,Tu2PVlVg8JekQt0SFJVPaRQskV0=,O21pLRmDieMUqDo8eMUZ1EOa+Mw=
12,-24,Tu2PVlVg8JekQt0SFJVPaRQskV0=,Im2jlFbwrhtXF7DeKAVLo9nlePE=
11,-29,Tu2PVlVg8JekQt0SFJVPaRQskV0=,yCD7Q7+knhMl8LLHi5xUg8udUPQ=
11,-30,Tu2PVlVg8JekQt0SFJVPaRQskV0=,yCD7Q7+knhMl8LLHi5xUg8udUPQ=
14,-29,Tu2PVlVg8JekQt0SFJVPaRQskV0=,KLrL7xptuGg0z0hDtU3WNUM5LuM=
12,-31,Tu2PVlVg8JekQt0SFJVPaRQskV0=,KLrL7xptuGg0z0hDtU3WNUM5LuM=
13,-30,Tu2PVlVg8JekQt0SFJVPaRQskV0=,KLrL7xptuGg0z0hDtU3WNUM5LuM=
12,-28,Tu2PVlVg8JekQt0SFJVPaRQskV0=,s8e0+wNV4RlSbK9W/7MSRKx6pH4=
13,-31,Tu2PVlVg8JekQt0SFJVPaRQskV0=,KLrL7xptuGg0z0hDtU3WNUM5LuM=
11,-28,Tu2PVlVg8JekQt0SFJVPaRQskV0=,rTBmLehKC3RKXa1MjcRFofXePGw=
11,-31,Tu2PVlVg8JekQt0SFJVPaRQskV0=,yCD7Q7+knhMl8LLHi5xUg8udUPQ=
13,-29,Tu2PVlVg8JekQt0SFJVPaRQskV0=,KLrL7xptuGg0z0hDtU3WNUM5LuM=
12,-30,Tu2PVlVg8JekQt0SFJVPaRQskV0=,KLrL7xptuGg0z0hDtU3WNUM5LuM=
13,-28,Tu2PVlVg8JekQt0SFJVPaRQskV0=,s8e0+wNV4RlSbK9W/7MSRKx6pH4=
14,-28,Tu2PVlVg8JekQt0SFJVPaRQskV0=,s8e0+wNV4RlSbK9W/7MSRKx6pH4=
14,-31,Tu2PVlVg8JekQt0SFJVPaRQskV0=,KLrL7xptuGg0z0hDtU3WNUM5LuM=
14,-30,Tu2PVlVg8JekQt0SFJVPaRQskV0=,KLrL7xptuGg0z0hDtU3WNUM5LuM=
12,-29,Tu2PVlVg8JekQt0SFJVPaRQskV0=,KLrL7xptuGg0z0hDtU3WNUM5LuM=
15,-22,Tu2PVlVg8JekQt0SFJVPaRQskV0=,Im2jlFbwrhtXF7DeKAVLo9nlePE=
15,-23,Tu2PVlVg8JekQt0SFJVPaRQskV0=,Im2jlFbwrhtXF7DeKAVLo9nlePE=
8,-21,Tu2PVlVg8JekQt0SFJVPaRQskV0=,O21pLRmDieMUqDo8eMUZ1EOa+Mw=
9,-21,Tu2PVlVg8JekQt0SFJVPaRQskV0=,O21pLRmDieMUqDo8eMUZ1EOa+Mw=
7,-21,Tu2PVlVg8JekQt0SFJVPaRQskV0=,56FRRgdNKk05hS4c/OMsVF9pUbk=
10,-21,Tu2PVlVg8JekQt0SFJVPaRQskV0=,O21pLRmDieMUqDo8eMUZ1EOa+Mw=
15,-26,Tu2PVlVg8JekQt0SFJVPaRQskV0=,s8e0+wNV4RlSbK9W/7MSRKx6pH4=
15,-24,Tu2PVlVg8JekQt0SFJVPaRQskV0=,Im2jlFbwrhtXF7DeKAVLo9nlePE=
15,-27,Tu2PVlVg8JekQt0SFJVPaRQskV0=,s8e0+wNV4RlSbK9W/7MSRKx6pH4=
15,-25,Tu2PVlVg8JekQt0SFJVPaRQskV0=,s8e0+wNV4RlSbK9W/7MSRKx6pH4=
15,-30,Tu2PVlVg8JekQt0SFJVPaRQskV0=,KLrL7xptuGg0z0hDtU3WNUM5LuM=
15,-28,Tu2PVlVg8JekQt0SFJVPaRQskV0=,s8e0+wNV4RlSbK9W/7MSRKx6pH4=
15,-29,Tu2PVlVg8JekQt0SFJVPaRQskV0=,KLrL7xptuGg0z0hDtU3WNUM5LuM=
15,-31,Tu2PVlVg8JekQt0SFJVPaRQskV0=,KLrL7xptuGg0z0hDtU3WNUM5LuM=
14,-32,Tu2PVlVg8JekQt0SFJVPaRQskV0=,KLrL7xptuGg0z0hDtU3WNUM5LuM=
10,-32,Tu2PVlVg8JekQt0SFJVPaRQskV0=,yCD7Q7+knhMl8LLHi5xUg8udUPQ=
8,-32,Tu2PVlVg8JekQt0SFJVPaRQskV0=,yCD7Q7+knhMl8LLHi5xUg8udUPQ=
11,-32,Tu2PVlVg8JekQt0SFJVPaRQskV0=,yCD7Q7+knhMl8LLHi5xUg8udUPQ=
7,-32,Tu2PVlVg8JekQt0SFJVPaRQskV0=,p20KngrWzCq7ceaXY6V7xgMt4xQ=
13,-32,Tu2PVlVg8JekQt0SFJVPaRQskV0=,KLrL7xptuGg0z0hDtU3WNUM5LuM=
9,-32,Tu2PVlVg8JekQt0SFJVPaRQskV0=,yCD7Q7+knhMl8LLHi5xUg8udUPQ=
6,-32,Tu2PVlVg8JekQt0SFJVPaRQskV0=,p20KngrWzCq7ceaXY6V7xgMt4xQ=
12,-32,Tu2PVlVg8JekQt0SFJVPaRQskV0=,KLrL7xptuGg0z0hDtU3WNUM5LuM=
5,-32,Tu2PVlVg8JekQt0SFJVPaRQskV0=,p20KngrWzCq7ceaXY6V7xgMt4xQ=
0,-23,Tu2PVlVg8JekQt0SFJVPaRQskV0=,RoF0sglkMvP+hUUBQ72X7od2mbY=
0,-22,Tu2PVlVg8JekQt0SFJVPaRQskV0=,RoF0sglkMvP+hUUBQ72X7od2mbY=
0,-21,QajEodAQAcdlewxGNG1342MoO3w=,RoF0sglkMvP+hUUBQ72X7od2mbY=
15,-32,QajEodAQAcdlewxGNG1342MoO3w=,KLrL7xptuGg0z0hDtU3WNUM5LuM=
13,-21,QajEodAQAcdlewxGNG1342MoO3w=,Im2jlFbwrhtXF7DeKAVLo9nlePE=
15,-21,QajEodAQAcdlewxGNG1342MoO3w=,Im2jlFbwrhtXF7DeKAVLo9nlePE=
14,-21,QajEodAQAcdlewxGNG1342MoO3w=,Im2jlFbwrhtXF7DeKAVLo9nlePE=
12,-21,QajEodAQAcdlewxGNG1342MoO3w=,Im2jlFbwrhtXF7DeKAVLo9nlePE=
11,-21,QajEodAQAcdlewxGNG1342MoO3w=,O21pLRmDieMUqDo8eMUZ1EOa+Mw=
2,-32,QajEodAQAcdlewxGNG1342MoO3w=,p20KngrWzCq7ceaXY6V7xgMt4xQ=
0,-32,QajEodAQAcdlewxGNG1342MoO3w=,p20KngrWzCq7ceaXY6V7xgMt4xQ=
3,-32,QajEodAQAcdlewxGNG1342MoO3w=,p20KngrWzCq7ceaXY6V7xgMt4xQ=
0,-30,QajEodAQAcdlewxGNG1342MoO3w=,p20KngrWzCq7ceaXY6V7xgMt4xQ=
4,-31,QajEodAQAcdlewxGNG1342MoO3w=,p20KngrWzCq7ceaXY6V7xgMt4xQ=
2,-30,QajEodAQAcdlewxGNG1342MoO3w=,p20KngrWzCq7ceaXY6V7xgMt4xQ=
4,-32,QajEodAQAcdlewxGNG1342MoO3w=,p20KngrWzCq7ceaXY6V7xgMt4xQ=
1,-30,QajEodAQAcdlewxGNG1342MoO3w=,p20KngrWzCq7ceaXY6V7xgMt4xQ=
4,-30,QajEodAQAcdlewxGNG1342MoO3w=,p20KngrWzCq7ceaXY6V7xgMt4xQ=
0,-31,QajEodAQAcdlewxGNG1342MoO3w=,p20KngrWzCq7ceaXY6V7xgMt4xQ=
1,-31,QajEodAQAcdlewxGNG1342MoO3w=,p20KngrWzCq7ceaXY6V7xgMt4xQ=
3,-31,QajEodAQAcdlewxGNG1342MoO3w=,p20KngrWzCq7ceaXY6V7xgMt4xQ=
1,-32,QajEodAQAcdlewxGNG1342MoO3w=,p20KngrWzCq7ceaXY6V7xgMt4xQ=
2,-31,QajEodAQAcdlewxGNG1342MoO3w=,p20KngrWzCq7ceaXY6V7xgMt4xQ=
0,-25,QajEodAQAcdlewxGNG1342MoO3w=,q1CpQ4KHjWzqMGmAetmGSw0nysw=
3,-26,QajEodAQAcdlewxGNG1342MoO3w=,q1CpQ4KHjWzqMGmAetmGSw0nysw=
3,-30,QajEodAQAcdlewxGNG1342MoO3w=,p20KngrWzCq7ceaXY6V7xgMt4xQ=
3,-28,QajEodAQAcdlewxGNG1342MoO3w=,q1CpQ4KHjWzqMGmAetmGSw0nysw=
1,-28,QajEodAQAcdlewxGNG1342MoO3w=,q1CpQ4KHjWzqMGmAetmGSw0nysw=
3,-24,QajEodAQAcdlewxGNG1342MoO3w=,RoF0sglkMvP+hUUBQ72X7od2mbY=
0,-24,QajEodAQAcdlewxGNG1342MoO3w=,RoF0sglkMvP+hUUBQ72X7od2mbY=
3,-27,QajEodAQAcdlewxGNG1342MoO3w=,q1CpQ4KHjWzqMGmAetmGSw0nysw=
2,-24,QajEodAQAcdlewxGNG1342MoO3w=,RoF0sglkMvP+hUUBQ72X7od2mbY=
1,-27,QajEodAQAcdlewxGNG1342MoO3w=,q1CpQ4KHjWzqMGmAetmGSw0nysw=
4,-29,QajEodAQAcdlewxGNG1342MoO3w=,p20KngrWzCq7ceaXY6V7xgMt4xQ=
1,-24,QajEodAQAcdlewxGNG1342MoO3w=,RoF0sglkMvP+hUUBQ72X7od2mbY=
3,-25,QajEodAQAcdlewxGNG1342MoO3w=,q1CpQ4KHjWzqMGmAetmGSw0nysw=
4,-24,QajEodAQAcdlewxGNG1342MoO3w=,56FRRgdNKk05hS4c/OMsVF9pUbk=
2,-27,QajEodAQAcdlewxGNG1342MoO3w=,q1CpQ4KHjWzqMGmAetmGSw0nysw=
3,-29,QajEodAQAcdlewxGNG1342MoO3w=,p20KngrWzCq7ceaXY6V7xgMt4xQ=
1,-25,QajEodAQAcdlewxGNG1342MoO3w=,q1CpQ4KHjWzqMGmAetmGSw0nysw=
2,-25,QajEodAQAcdlewxGNG1342MoO3w=,q1CpQ4KHjWzqMGmAetmGSw0nysw=
0,-29,QajEodAQAcdlewxGNG1342MoO3w=,p20KngrWzCq7ceaXY6V7xgMt4xQ=
1,-29,QajEodAQAcdlewxGNG1342MoO3w=,p20KngrWzCq7ceaXY6V7xgMt4xQ=
4,-26,QajEodAQAcdlewxGNG1342MoO3w=,iCb2+rdbOjnPYAs+DQ9Nyl8LGvQ=
0,-27,QajEodAQAcdlewxGNG1342MoO3w=,q1CpQ4KHjWzqMGmAetmGSw0nysw=
4,-28,QajEodAQAcdlewxGNG1342MoO3w=,iCb2+rdbOjnPYAs+DQ9Nyl8LGvQ=
0,-26,QajEodAQAcdlewxGNG1342MoO3w=,q1CpQ4KHjWzqMGmAetmGSw0nysw=
2,-26,QajEodAQAcdlewxGNG1342MoO3w=,q1CpQ4KHjWzqMGmAetmGSw0nysw=
4,-27,QajEodAQAcdlewxGNG1342MoO3w=,iCb2+rdbOjnPYAs+DQ9Nyl8LGvQ=
1,-26,QajEodAQAcdlewxGNG1342MoO3w=,q1CpQ4KHjWzqMGmAetmGSw0nysw=
4,-25,QajEodAQAcdlewxGNG1342MoO3w=,iCb2+rdbOjnPYAs+DQ9Nyl8LGvQ=
0,-28,QajEodAQAcdlewxGNG1342MoO3w=,q1CpQ4KHjWzqMGmAetmGSw0nysw=
2,-29,QajEodAQAcdlewxGNG1342MoO3w=,p20KngrWzCq7ceaXY6V7xgMt4xQ=
2,-28,QajEodAQAcdlewxGNG1342MoO3w=,q1CpQ4KHjWzqMGmAetmGSw0nysw=
