-12,-79,joqGTmA4lF7/Ej7V4F5BeVKg/mY=,cYt8oJk8TB871aKnOfntv0gpm0U=
-13,-79,joqGTmA4lF7/Ej7V4F5BeVKg/mY=,cYt8oJk8TB871aKnOfntv0gpm0U=
-14,-79,joqGTmA4lF7/Ej7V4F5BeVKg/mY=,cYt8oJk8TB871aKnOfntv0gpm0U=
-12,-74,joqGTmA4lF7/Ej7V4F5BeVKg/mY=,cYt8oJk8TB871aKnOfntv0gpm0U=
-11,-74,joqGTmA4lF7/Ej7V4F5BeVKg/mY=,cYt8oJk8TB871aKnOfntv0gpm0U=
-14,-74,joqGTmA4lF7/Ej7V4F5BeVKg/mY=,cYt8oJk8TB871aKnOfntv0gpm0U=
-13,-74,joqGTmA4lF7/Ej7V4F5BeVKg/mY=,cYt8oJk8TB871aKnOfntv0gpm0U=
-15,-74,joqGTmA4lF7/Ej7V4F5BeVKg/mY=,cYt8oJk8TB871aKnOfntv0gpm0U=
-10,-75,joqGTmA4lF7/Ej7V4F5BeVKg/mY=,cYt8oJk8TB871aKnOfntv0gpm0U=
-11,-75,joqGTmA4lF7/Ej7V4F5BeVKg/mY=,cYt8oJk8TB871aKnOfntv0gpm0U=
-12,-75,joqGTmA4lF7/Ej7V4F5BeVKg/mY=,cYt8oJk8TB871aKnOfntv0gpm0U=
-15,-79,joqGTmA4lF7/Ej7V4F5BeVKg/mY=,cYt8oJk8TB871aKnOfntv0gpm0U=
-13,-75,joqGTmA4lF7/Ej7V4F5BeVKg/mY=,cYt8oJk8TB871aKnOfntv0gpm0U=
-10,-74,joqGTmA4lF7/Ej7V4F5BeVKg/mY=,cYt8oJk8TB871aKnOfntv0gpm0U=
-10,-76,joqGTmA4lF7/Ej7V4F5BeVKg/mY=,cYt8oJk8TB871aKnOfntv0gpm0U=
-14,-76,joqGTmA4lF7/Ej7V4F5BeVKg/mY=,cYt8oJk8TB871aKnOfntv0gpm0U=
-15,-76,joqGTmA4lF7/Ej7V4F5BeVKg/mY=,cYt8oJk8TB871aKnOfntv0gpm0U=
-13,-77,joqGTmA4lF7/Ej7V4F5BeVKg/mY=,cYt8oJk8TB871aKnOfntv0gpm0U=
-8,-79,joqGTmA4lF7/Ej7V4F5BeVKg/mY=,cYt8oJk8TB871aKnOfntv0gpm0U=
-7,-79,joqGTmA4lF7/Ej7V4F5BeVKg/mY=,cYt8oJk8TB871aKnOfntv0gpm0U=
-9,-79,joqGTmA4lF7/Ej7V4F5BeVKg/mY=,cYt8oJk8TB871aKnOfntv0gpm0U=
-11,-79,joqGTmA4lF7/Ej7V4F5BeVKg/mY=,cYt8oJk8TB871aKnOfntv0gpm0U=
-6,-79,joqGTmA4lF7/Ej7V4F5BeVKg/mY=,cYt8oJk8TB871aKnOfntv0gpm0U=
-5,-79,joqGTmA4lF7/Ej7V4F5BeVKg/mY=,cYt8oJk8TB871aKnOfntv0gpm0U=
-14,-77,joqGTmA4lF7/Ej7V4F5BeVKg/mY=,cYt8oJk8TB871aKnOfntv0gpm0U=
-11,-78,joqGTmA4lF7/Ej7V4F5BeVKg/mY=,cYt8oJk8TB871aKnOfntv0gpm0U=
-12,-77,joqGTmA4lF7/Ej7V4F5BeVKg/mY=,cYt8oJk8TB871aKnOfntv0gpm0U=
-10,-79,joqGTmA4lF7/Ej7V4F5BeVKg/mY=,cYt8oJk8TB871aKnOfntv0gpm0U=
-4,-79,joqGTmA4lF7/Ej7V4F5BeVKg/mY=,cYt8oJk8TB871aKnOfntv0gpm0U=
-15,-77,joqGTmA4lF7/Ej7V4F5BeVKg/mY=,cYt8oJk8TB871aKnOfntv0gpm0U=
-12,-76,joqGTmA4lF7/Ej7V4F5BeVKg/mY=,cYt8oJk8TB871aKnOfntv0gpm0U=
-3,-79,joqGTmA4lF7/Ej7V4F5BeVKg/mY=,cYt8oJk8TB871aKnOfntv0gpm0U=
-10,-77,joqGTmA4lF7/Ej7V4F5BeVKg/mY=,cYt8oJk8TB871aKnOfntv0gpm0U=
-15,-78,joqGTmA4lF7/Ej7V4F5BeVKg/mY=,cYt8oJk8TB871aKnOfntv0gpm0U=
-13,-78,joqGTmA4lF7/Ej7V4F5BeVKg/mY=,cYt8oJk8TB871aKnOfntv0gpm0U=
-2,-79,joqGTmA4lF7/Ej7V4F5BeVKg/mY=,cYt8oJk8TB871aKnOfntv0gpm0U=
-14,-75,joqGTmA4lF7/Ej7V4F5BeVKg/mY=,cYt8oJk8TB871aKnOfntv0gpm0U=
-14,-78,joqGTmA4lF7/Ej7V4F5BeVKg/mY=,cYt8oJk8TB871aKnOfntv0gpm0U=
-2,-74,joqGTmA4lF7/Ej7V4F5BeVKg/mY=,cYt8oJk8TB871aKnOfntv0gpm0U=
-3,-74,joqGTmA4lF7/Ej7V4F5BeVKg/mY=,cYt8oJk8TB871aKnOfntv0gpm0U=
-5,-74,joqGTmA4lF7/Ej7V4F5BeVKg/mY=,cYt8oJk8TB871aKnOfntv0gpm0U=
-9,-78,joqGTmA4lF7/Ej7V4F5BeVKg/mY=,cYt8oJk8TB871aKnOfntv0gpm0U=
-7,-74,joqGTmA4lF7/Ej7V4F5BeVKg/mY=,cYt8oJk8TB871aKnOfntv0gpm0U=
-10,-78,joqGTmA4lF7/Ej7V4F5BeVKg/mY=,cYt8oJk8TB871aKnOfntv0gpm0U=
-6,-74,joqGTmA4lF7/Ej7V4F5BeVKg/mY=,cYt8oJk8TB871aKnOfntv0gpm0U=
-8,-74,joqGTmA4lF7/Ej7V4F5BeVKg/mY=,cYt8oJk8TB871aKnOfntv0gpm0U=
-2,-75,joqGTmA4lF7/Ej7V4F5BeVKg/mY=,cYt8oJk8TB871aKnOfntv0gpm0U=
-4,-74,joqGTmA4lF7/Ej7V4F5BeVKg/mY=,cYt8oJk8TB871aKnOfntv0gpm0U=
-8,-78,joqGTmA4lF7/Ej7V4F5BeVKg/mY=,cYt8oJk8TB871aKnOfntv0gpm0U=
-9,-74,joqGTmA4lF7/Ej7V4F5BeVKg/mY=,cYt8oJk8TB871aKnOfntv0gpm0U=
-5,-75,joqGTmA4lF7/Ej7V4F5BeVKg/mY=,cYt8oJk8TB871aKnOfntv0gpm0U=
-8,-75,joqGTmA4lF7/Ej7V4F5BeVKg/mY=,cYt8oJk8TB871aKnOfntv0gpm0U=
-15,-75,joqGTmA4lF7/Ej7V4F5BeVKg/mY=,cYt8oJk8TB871aKnOfntv0gpm0U=
-2,-76,joqGTmA4lF7/Ej7V4F5BeVKg/mY=,cYt8oJk8TB871aKnOfntv0gpm0U=
-11,-77,joqGTmA4lF7/Ej7V4F5BeVKg/mY=,cYt8oJk8TB871aKnOfntv0gpm0U=
-4,-76,joqGTmA4lF7/Ej7V4F5BeVKg/mY=,cYt8oJk8TB871aKnOfntv0gpm0U=
-12,-78,joqGTmA4lF7/Ej7V4F5BeVKg/mY=,cYt8oJk8TB871aKnOfntv0gpm0U=
-4,-75,joqGTmA4lF7/Ej7V4F5BeVKg/mY=,cYt8oJk8TB871aKnOfntv0gpm0U=
-9,-76,joqGTmA4lF7/Ej7V4F5BeVKg/mY=,cYt8oJk8TB871aKnOfntv0gpm0U=
-8,-76,joqGTmA4lF7/Ej7V4F5BeVKg/mY=,cYt8oJk8TB871aKnOfntv0gpm0U=
-5,-76,joqGTmA4lF7/Ej7V4F5BeVKg/mY=,cYt8oJk8TB871aKnOfntv0gpm0U=
-3,-75,joqGTmA4lF7/Ej7V4F5BeVKg/mY=,cYt8oJk8TB871aKnOfntv0gpm0U=
-7,-77,joqGTmA4lF7/Ej7V4F5BeVKg/mY=,cYt8oJk8TB871aKnOfntv0gpm0U=
-6,-77,joqGTmA4lF7/Ej7V4F5BeVKg/mY=,cYt8oJk8TB871aKnOfntv0gpm0U=
-2,-77,joqGTmA4lF7/Ej7V4F5BeVKg/mY=,cYt8oJk8TB871aKnOfntv0gpm0U=
-4,-77,joqGTmA4lF7/Ej7V4F5BeVKg/mY=,cYt8oJk8TB871aKnOfntv0gpm0U=
-2,-78,joqGTmA4lF7/Ej7V4F5BeVKg/mY=,cYt8oJk8TB871aKnOfntv0gpm0U=
-7,-78,joqGTmA4lF7/Ej7V4F5BeVKg/mY=,cYt8oJk8TB871aKnOfntv0gpm0U=
-13,-76,joqGTmA4lF7/Ej7V4F5BeVKg/mY=,cYt8oJk8TB871aKnOfntv0gpm0U=
-9,-77,joqGTmA4lF7/Ej7V4F5BeVKg/mY=,cYt8oJk8TB871aKnOfntv0gpm0U=
-7,-75,joqGTmA4lF7/Ej7V4F5BeVKg/mY=,cYt8oJk8TB871aKnOfntv0gpm0U=
-6,-78,joqGTmA4lF7/Ej7V4F5BeVKg/mY=,cYt8oJk8TB871aKnOfntv0gpm0U=
-6,-75,joqGTmA4lF7/Ej7V4F5BeVKg/mY=,cYt8oJk8TB871aKnOfntv0gpm0U=
-3,-76,joqGTmA4lF7/Ej7V4F5BeVKg/mY=,cYt8oJk8TB871aKnOfntv0gpm0U=
-8,-77,joqGTmA4lF7/Ej7V4F5BeVKg/mY=,cYt8oJk8TB871aKnOfntv0gpm0U=
-4,-78,joqGTmA4lF7/Ej7V4F5BeVKg/mY=,cYt8oJk8TB871aKnOfntv0gpm0U=
-3,-77,joqGTmA4lF7/Ej7V4F5BeVKg/mY=,cYt8oJk8TB871aKnOfntv0gpm0U=
-3,-78,joqGTmA4lF7/Ej7V4F5BeVKg/mY=,cYt8oJk8TB871aKnOfntv0gpm0U=
-5,-78,joqGTmA4lF7/Ej7V4F5BeVKg/mY=,cYt8oJk8TB871aKnOfntv0gpm0U=
-11,-76,joqGTmA4lF7/Ej7V4F5BeVKg/mY=,cYt8oJk8TB871aKnOfntv0gpm0U=
-6,-76,joqGTmA4lF7/Ej7V4F5BeVKg/mY=,cYt8oJk8TB871aKnOfntv0gpm0U=
-9,-75,joqGTmA4lF7/Ej7V4F5BeVKg/mY=,cYt8oJk8TB871aKnOfntv0gpm0U=
-7,-76,joqGTmA4lF7/Ej7V4F5BeVKg/mY=,cYt8oJk8TB871aKnOfntv0gpm0U=
-4,-66,joqGTmA4lF7/Ej7V4F5BeVKg/mY=,baz8QE1CgqjukeDnnuFV/ZsSn48=
-5,-66,joqGTmA4lF7/Ej7V4F5BeVKg/mY=,baz8QE1CgqjukeDnnuFV/ZsSn48=
-2,-73,joqGTmA4lF7/Ej7V4F5BeVKg/mY=,cYt8oJk8TB871aKnOfntv0gpm0U=
-4,-67,joqGTmA4lF7/Ej7V4F5BeVKg/mY=,baz8QE1CgqjukeDnnuFV/ZsSn48=
-5,-77,joqGTmA4lF7/Ej7V4F5BeVKg/mY=,cYt8oJk8TB871aKnOfntv0gpm0U=
-2,-66,joqGTmA4lF7/Ej7V4F5BeVKg/mY=,baz8QE1CgqjukeDnnuFV/ZsSn48=
-3,-67,joqGTmA4lF7/Ej7V4F5BeVKg/mY=,baz8QE1CgqjukeDnnuFV/ZsSn48=
-7,-73,joqGTmA4lF7/Ej7V4F5BeVKg/mY=,cYt8oJk8TB871aKnOfntv0gpm0U=
-5,-73,joqGTmA4lF7/Ej7V4F5BeVKg/mY=,cYt8oJk8TB871aKnOfntv0gpm0U=
-7,-66,joqGTmA4lF7/Ej7V4F5BeVKg/mY=,baz8QE1CgqjukeDnnuFV/ZsSn48=
-2,-68,joqGTmA4lF7/Ej7V4F5BeVKg/mY=,baz8QE1CgqjukeDnnuFV/ZsSn48=
-4,-73,joqGTmA4lF7/Ej7V4F5BeVKg/mY=,cYt8oJk8TB871aKnOfntv0gpm0U=
-7,-69,joqGTmA4lF7/Ej7V4F5BeVKg/mY=,baz8QE1CgqjukeDnnuFV/ZsSn48=
-4,-68,joqGTmA4lF7/Ej7V4F5BeVKg/mY=,baz8QE1CgqjukeDnnuFV/ZsSn48=
-3,-68,joqGTmA4lF7/Ej7V4F5BeVKg/mY=,baz8QE1CgqjukeDnnuFV/ZsSn48=
-3,-73,joqGTmA4lF7/Ej7V4F5BeVKg/mY=,cYt8oJk8TB871aKnOfntv0gpm0U=
-2,-69,joqGTmA4lF7/Ej7V4F5BeVKg/mY=,baz8QE1CgqjukeDnnuFV/ZsSn48=
-6,-68,joqGTmA4lF7/Ej7V4F5BeVKg/mY=,baz8QE1CgqjukeDnnuFV/ZsSn48=
-4,-69,joqGTmA4lF7/Ej7V4F5BeVKg/mY=,baz8QE1CgqjukeDnnuFV/ZsSn48=
-5,-69,joqGTmA4lF7/Ej7V4F5BeVKg/mY=,baz8QE1CgqjukeDnnuFV/ZsSn48=
-2,-70,joqGTmA4lF7/Ej7V4F5BeVKg/mY=,baz8QE1CgqjukeDnnuFV/ZsSn48=
-3,-70,joqGTmA4lF7/Ej7V4F5BeVKg/mY=,baz8QE1CgqjukeDnnuFV/ZsSn48=
-6,-67,joqGTmA4lF7/Ej7V4F5BeVKg/mY=,baz8QE1CgqjukeDnnuFV/ZsSn48=
-7,-68,joqGTmA4lF7/Ej7V4F5BeVKg/mY=,baz8QE1CgqjukeDnnuFV/ZsSn48=
-3,-69,joqGTmA4lF7/Ej7V4F5BeVKg/mY=,baz8QE1CgqjukeDnnuFV/ZsSn48=
-5,-70,joqGTmA4lF7/Ej7V4F5BeVKg/mY=,baz8QE1CgqjukeDnnuFV/ZsSn48=
-6,-71,joqGTmA4lF7/Ej7V4F5BeVKg/mY=,baz8QE1CgqjukeDnnuFV/ZsSn48=
-6,-73,joqGTmA4lF7/Ej7V4F5BeVKg/mY=,cYt8oJk8TB871aKnOfntv0gpm0U=
-5,-68,joqGTmA4lF7/Ej7V4F5BeVKg/mY=,baz8QE1CgqjukeDnnuFV/ZsSn48=
-4,-70,joqGTmA4lF7/Ej7V4F5BeVKg/mY=,baz8QE1CgqjukeDnnuFV/ZsSn48=
-2,-67,joqGTmA4lF7/Ej7V4F5BeVKg/mY=,baz8QE1CgqjukeDnnuFV/ZsSn48=
-6,-66,joqGTmA4lF7/Ej7V4F5BeVKg/mY=,baz8QE1CgqjukeDnnuFV/ZsSn48=
-3,-71,joqGTmA4lF7/Ej7V4F5BeVKg/mY=,baz8QE1CgqjukeDnnuFV/ZsSn48=
-7,-70,joqGTmA4lF7/Ej7V4F5BeVKg/mY=,baz8QE1CgqjukeDnnuFV/ZsSn48=
-3,-66,joqGTmA4lF7/Ej7V4F5BeVKg/mY=,baz8QE1CgqjukeDnnuFV/ZsSn48=
-4,-71,joqGTmA4lF7/Ej7V4F5BeVKg/mY=,baz8QE1CgqjukeDnnuFV/ZsSn48=
-6,-69,joqGTmA4lF7/Ej7V4F5BeVKg/mY=,baz8QE1CgqjukeDnnuFV/ZsSn48=
-5,-71,joqGTmA4lF7/Ej7V4F5BeVKg/mY=,baz8QE1CgqjukeDnnuFV/ZsSn48=
-5,-67,joqGTmA4lF7/Ej7V4F5BeVKg/mY=,baz8QE1CgqjukeDnnuFV/ZsSn48=
-7,-72,joqGTmA4lF7/Ej7V4F5BeVKg/mY=,baz8QE1CgqjukeDnnuFV/ZsSn48=
-6,-72,joqGTmA4lF7/Ej7V4F5BeVKg/mY=,baz8QE1CgqjukeDnnuFV/ZsSn48=
-7,-71,joqGTmA4lF7/Ej7V4F5BeVKg/mY=,baz8QE1CgqjukeDnnuFV/ZsSn48=
-6,-70,joqGTmA4lF7/Ej7V4F5BeVKg/mY=,baz8QE1CgqjukeDnnuFV/ZsSn48=
-7,-67,joqGTmA4lF7/Ej7V4F5BeVKg/mY=,baz8QE1CgqjukeDnnuFV/ZsSn48=
-5,-72,joqGTmA4lF7/Ej7V4F5BeVKg/mY=,baz8QE1CgqjukeDnnuFV/ZsSn48=
-4,-72,joqGTmA4lF7/Ej7V4F5BeVKg/mY=,baz8QE1CgqjukeDnnuFV/ZsSn48=
-2,-72,joqGTmA4lF7/Ej7V4F5BeVKg/mY=,baz8QE1CgqjukeDnnuFV/ZsSn48=
-3,-72,joqGTmA4lF7/Ej7V4F5BeVKg/mY=,baz8QE1CgqjukeDnnuFV/ZsSn48=
-15,-67,joqGTmA4lF7/Ej7V4F5BeVKg/mY=,vOCLtSQGX8A2SUsIehnI10NmD9E=
-14,-73,joqGTmA4lF7/Ej7V4F5BeVKg/mY=,cYt8oJk8TB871aKnOfntv0gpm0U=
-2,-71,joqGTmA4lF7/Ej7V4F5BeVKg/mY=,baz8QE1CgqjukeDnnuFV/ZsSn48=
-12,-73,joqGTmA4lF7/Ej7V4F5BeVKg/mY=,cYt8oJk8TB871aKnOfntv0gpm0U=
-10,-68,joqGTmA4lF7/Ej7V4F5BeVKg/mY=,vOCLtSQGX8A2SUsIehnI10NmD9E=
-14,-67,joqGTmA4lF7/Ej7V4F5BeVKg/mY=,vOCLtSQGX8A2SUsIehnI10NmD9E=
-15,-73,joqGTmA4lF7/Ej7V4F5BeVKg/mY=,cYt8oJk8TB871aKnOfntv0gpm0U=
-9,-68,joqGTmA4lF7/Ej7V4F5BeVKg/mY=,vOCLtSQGX8A2SUsIehnI10NmD9E=
-13,-73,joqGTmA4lF7/Ej7V4F5BeVKg/mY=,cYt8oJk8TB871aKnOfntv0gpm0U=
-13,-67,joqGTmA4lF7/Ej7V4F5BeVKg/mY=,vOCLtSQGX8A2SUsIehnI10NmD9E=
-12,-68,joqGTmA4lF7/Ej7V4F5BeVKg/mY=,vOCLtSQGX8A2SUsIehnI10NmD9E=
-11,-68,joqGTmA4lF7/Ej7V4F5BeVKg/mY=,vOCLtSQGX8A2SUsIehnI10NmD9E=
-13,-68,joqGTmA4lF7/Ej7V4F5BeVKg/mY=,vOCLtSQGX8A2SUsIehnI10NmD9E=
-12,-67,joqGTmA4lF7/Ej7V4F5BeVKg/mY=,vOCLtSQGX8A2SUsIehnI10NmD9E=
-8,-73,joqGTmA4lF7/Ej7V4F5BeVKg/mY=,cYt8oJk8TB871aKnOfntv0gpm0U=
-14,-68,joqGTmA4lF7/Ej7V4F5BeVKg/mY=,vOCLtSQGX8A2SUsIehnI10NmD9E=
-10,-69,joqGTmA4lF7/Ej7V4F5BeVKg/mY=,vOCLtSQGX8A2SUsIehnI10NmD9E=
-9,-69,joqGTmA4lF7/Ej7V4F5BeVKg/mY=,vOCLtSQGX8A2SUsIehnI10NmD9E=
-12,-69,joqGTmA4lF7/Ej7V4F5BeVKg/mY=,vOCLtSQGX8A2SUsIehnI10NmD9E=
-11,-69,joqGTmA4lF7/Ej7V4F5BeVKg/mY=,vOCLtSQGX8A2SUsIehnI10NmD9E=
-15,-68,joqGTmA4lF7/Ej7V4F5BeVKg/mY=,vOCLtSQGX8A2SUsIehnI10NmD9E=
-15,-69,joqGTmA4lF7/Ej7V4F5BeVKg/mY=,vOCLtSQGX8A2SUsIehnI10NmD9E=
-14,-69,joqGTmA4lF7/Ej7V4F5BeVKg/mY=,vOCLtSQGX8A2SUsIehnI10NmD9E=
-10,-70,joqGTmA4lF7/Ej7V4F5BeVKg/mY=,vOCLtSQGX8A2SUsIehnI10NmD9E=
-8,-67,joqGTmA4lF7/Ej7V4F5BeVKg/mY=,baz8QE1CgqjukeDnnuFV/ZsSn48=
-9,-70,joqGTmA4lF7/Ej7V4F5BeVKg/mY=,vOCLtSQGX8A2SUsIehnI10NmD9E=
-13,-69,joqGTmA4lF7/Ej7V4F5BeVKg/mY=,vOCLtSQGX8A2SUsIehnI10NmD9E=
-12,-70,joqGTmA4lF7/Ej7V4F5BeVKg/mY=,vOCLtSQGX8A2SUsIehnI10NmD9E=
-13,-70,joqGTmA4lF7/Ej7V4F5BeVKg/mY=,vOCLtSQGX8A2SUsIehnI10NmD9E=
-8,-69,joqGTmA4lF7/Ej7V4F5BeVKg/mY=,baz8QE1CgqjukeDnnuFV/ZsSn48=
-14,-70,joqGTmA4lF7/Ej7V4F5BeVKg/mY=,vOCLtSQGX8A2SUsIehnI10NmD9E=
-9,-71,joqGTmA4lF7/Ej7V4F5BeVKg/mY=,vOCLtSQGX8A2SUsIehnI10NmD9E=
-10,-71,joqGTmA4lF7/Ej7V4F5BeVKg/mY=,vOCLtSQGX8A2SUsIehnI10NmD9E=
-11,-73,joqGTmA4lF7/Ej7V4F5BeVKg/mY=,cYt8oJk8TB871aKnOfntv0gpm0U=
-11,-71,joqGTmA4lF7/Ej7V4F5BeVKg/mY=,vOCLtSQGX8A2SUsIehnI10NmD9E=
-14,-71,joqGTmA4lF7/Ej7V4F5BeVKg/mY=,vOCLtSQGX8A2SUsIehnI10NmD9E=
-8,-66,joqGTmA4lF7/Ej7V4F5BeVKg/mY=,baz8QE1CgqjukeDnnuFV/ZsSn48=
-13,-71,joqGTmA4lF7/Ej7V4F5BeVKg/mY=,vOCLtSQGX8A2SUsIehnI10NmD9E=
-10,-72,joqGTmA4lF7/Ej7V4F5BeVKg/mY=,vOCLtSQGX8A2SUsIehnI10NmD9E=
-8,-72,joqGTmA4lF7/Ej7V4F5BeVKg/mY=,baz8QE1CgqjukeDnnuFV/ZsSn48=
-12,-72,joqGTmA4lF7/Ej7V4F5BeVKg/mY=,vOCLtSQGX8A2SUsIehnI10NmD9E=
-10,-66,joqGTmA4lF7/Ej7V4F5BeVKg/mY=,vOCLtSQGX8A2SUsIehnI10NmD9E=
-14,-72,joqGTmA4lF7/Ej7V4F5BeVKg/mY=,vOCLtSQGX8A2SUsIehnI10NmD9E=
-11,-72,joqGTmA4lF7/Ej7V4F5BeVKg/mY=,vOCLtSQGX8A2SUsIehnI10NmD9E=
-13,-66,joqGTmA4lF7/Ej7V4F5BeVKg/mY=,vOCLtSQGX8A2SUsIehnI10NmD9E=
-9,-66,joqGTmA4lF7/Ej7V4F5BeVKg/mY=,vOCLtSQGX8A2SUsIehnI10NmD9E=
-12,-66,joqGTmA4lF7/Ej7V4F5BeVKg/mY=,vOCLtSQGX8A2SUsIehnI10NmD9E=
-11,-67,joqGTmA4lF7/Ej7V4F5BeVKg/mY=,vOCLtSQGX8A2SUsIehnI10NmD9E=
-15,-71,joqGTmA4lF7/Ej7V4F5BeVKg/mY=,vOCLtSQGX8A2SUsIehnI10NmD9E=
-10,-67,joqGTmA4lF7/Ej7V4F5BeVKg/mY=,vOCLtSQGX8A2SUsIehnI10NmD9E=
-8,-70,joqGTmA4lF7/Ej7V4F5BeVKg/mY=,baz8QE1CgqjukeDnnuFV/ZsSn48=
-9,-73,joqGTmA4lF7/Ej7V4F5BeVKg/mY=,cYt8oJk8TB871aKnOfntv0gpm0U=
-9,-72,joqGTmA4lF7/Ej7V4F5BeVKg/mY=,vOCLtSQGX8A2SUsIehnI10NmD9E=
-10,-73,joqGTmA4lF7/Ej7V4F5BeVKg/mY=,cYt8oJk8TB871aKnOfntv0gpm0U=
-11,-70,joqGTmA4lF7/Ej7V4F5BeVKg/mY=,vOCLtSQGX8A2SUsIehnI10NmD9E=
-15,-70,joqGTmA4lF7/Ej7V4F5BeVKg/mY=,vOCLtSQGX8A2SUsIehnI10NmD9E=
-15,-66,joqGTmA4lF7/Ej7V4F5BeVKg/mY=,vOCLtSQGX8A2SUsIehnI10NmD9E=
-14,-66,joqGTmA4lF7/Ej7V4F5BeVKg/mY=,vOCLtSQGX8A2SUsIehnI10NmD9E=
-15,-72,joqGTmA4lF7/Ej7V4F5BeVKg/mY=,vOCLtSQGX8A2SUsIehnI10NmD9E=
-12,-71,joqGTmA4lF7/Ej7V4F5BeVKg/mY=,vOCLtSQGX8A2SUsIehnI10NmD9E=
-9,-67,joqGTmA4lF7/Ej7V4F5BeVKg/mY=,vOCLtSQGX8A2SUsIehnI10NmD9E=
-8,-71,joqGTmA4lF7/Ej7V4F5BeVKg/mY=,baz8QE1CgqjukeDnnuFV/ZsSn48=
-8,-68,joqGTmA4lF7/Ej7V4F5BeVKg/mY=,baz8QE1CgqjukeDnnuFV/ZsSn48=
-13,-72,joqGTmA4lF7/Ej7V4F5BeVKg/mY=,vOCLtSQGX8A2SUsIehnI10NmD9E=
-11,-66,joqGTmA4lF7/Ej7V4F5BeVKg/mY=,vOCLtSQGX8A2SUsIehnI10NmD9E=
-6,-65,joqGTmA4lF7/Ej7V4F5BeVKg/mY=,baz8QE1CgqjukeDnnuFV/ZsSn48=
-4,-65,joqGTmA4lF7/Ej7V4F5BeVKg/mY=,baz8QE1CgqjukeDnnuFV/ZsSn48=
-3,-65,joqGTmA4lF7/Ej7V4F5BeVKg/mY=,baz8QE1CgqjukeDnnuFV/ZsSn48=
-1,-67,joqGTmA4lF7/Ej7V4F5BeVKg/mY=,baz8QE1CgqjukeDnnuFV/ZsSn48=
-5,-65,joqGTmA4lF7/Ej7V4F5BeVKg/mY=,baz8QE1CgqjukeDnnuFV/ZsSn48=
-1,-66,joqGTmA4lF7/Ej7V4F5BeVKg/mY=,baz8QE1CgqjukeDnnuFV/ZsSn48=
-1,-70,joqGTmA4lF7/Ej7V4F5BeVKg/mY=,baz8QE1CgqjukeDnnuFV/ZsSn48=
-2,-65,joqGTmA4lF7/Ej7V4F5BeVKg/mY=,baz8QE1CgqjukeDnnuFV/ZsSn48=
-1,-71,joqGTmA4lF7/Ej7V4F5BeVKg/mY=,baz8QE1CgqjukeDnnuFV/ZsSn48=
-1,-69,joqGTmA4lF7/Ej7V4F5BeVKg/mY=,baz8QE1CgqjukeDnnuFV/ZsSn48=
-1,-68,joqGTmA4lF7/Ej7V4F5BeVKg/mY=,baz8QE1CgqjukeDnnuFV/ZsSn48=
-15,-65,joqGTmA4lF7/Ej7V4F5BeVKg/mY=,vOCLtSQGX8A2SUsIehnI10NmD9E=
-9,-65,joqGTmA4lF7/Ej7V4F5BeVKg/mY=,vOCLtSQGX8A2SUsIehnI10NmD9E=
-14,-65,joqGTmA4lF7/Ej7V4F5BeVKg/mY=,vOCLtSQGX8A2SUsIehnI10NmD9E=
-11,-65,joqGTmA4lF7/Ej7V4F5BeVKg/mY=,vOCLtSQGX8A2SUsIehnI10NmD9E=
-10,-65,joqGTmA4lF7/Ej7V4F5BeVKg/mY=,vOCLtSQGX8A2SUsIehnI10NmD9E=
-13,-65,joqGTmA4lF7/Ej7V4F5BeVKg/mY=,vOCLtSQGX8A2SUsIehnI10NmD9E=
-7,-65,joqGTmA4lF7/Ej7V4F5BeVKg/mY=,baz8QE1CgqjukeDnnuFV/ZsSn48=
-8,-65,joqGTmA4lF7/Ej7V4F5BeVKg/mY=,baz8QE1CgqjukeDnnuFV/ZsSn48=
-1,-72,joqGTmA4lF7/Ej7V4F5BeVKg/mY=,baz8QE1CgqjukeDnnuFV/ZsSn48=
-1,-74,joqGTmA4lF7/Ej7V4F5BeVKg/mY=,cYt8oJk8TB871aKnOfntv0gpm0U=
-1,-75,joqGTmA4lF7/Ej7V4F5BeVKg/mY=,cYt8oJk8TB871aKnOfntv0gpm0U=
-12,-65,joqGTmA4lF7/Ej7V4F5BeVKg/mY=,vOCLtSQGX8A2SUsIehnI10NmD9E=
-1,-79,joqGTmA4lF7/Ej7V4F5BeVKg/mY=,cYt8oJk8TB871aKnOfntv0gpm0U=
-1,-73,joqGTmA4lF7/Ej7V4F5BeVKg/mY=,cYt8oJk8TB871aKnOfntv0gpm0U=
-1,-78,joqGTmA4lF7/Ej7V4F5BeVKg/mY=,cYt8oJk8TB871aKnOfntv0gpm0U=
-16,-66,joqGTmA4lF7/Ej7V4F5BeVKg/mY=,vOCLtSQGX8A2SUsIehnI10NmD9E=
-16,-67,joqGTmA4lF7/Ej7V4F5BeVKg/mY=,vOCLtSQGX8A2SUsIehnI10NmD9E=
-1,-76,joqGTmA4lF7/Ej7V4F5BeVKg/mY=,cYt8oJk8TB871aKnOfntv0gpm0U=
-1,-77,joqGTmA4lF7/Ej7V4F5BeVKg/mY=,cYt8oJk8TB871aKnOfntv0gpm0U=
-16,-68,joqGTmA4lF7/Ej7V4F5BeVKg/mY=,vOCLtSQGX8A2SUsIehnI10NmD9E=
-16,-69,joqGTmA4lF7/Ej7V4F5BeVKg/mY=,vOCLtSQGX8A2SUsIehnI10NmD9E=
-16,-70,joqGTmA4lF7/Ej7V4F5BeVKg/mY=,vOCLtSQGX8A2SUsIehnI10NmD9E=
-16,-71,joqGTmA4lF7/Ej7V4F5BeVKg/mY=,vOCLtSQGX8A2SUsIehnI10NmD9E=
-16,-65,joqGTmA4lF7/Ej7V4F5BeVKg/mY=,vOCLtSQGX8A2SUsIehnI10NmD9E=
-16,-79,joqGTmA4lF7/Ej7V4F5BeVKg/mY=,cYt8oJk8TB871aKnOfntv0gpm0U=
-16,-72,joqGTmA4lF7/Ej7V4F5BeVKg/mY=,vOCLtSQGX8A2SUsIehnI10NmD9E=
-16,-75,joqGTmA4lF7/Ej7V4F5BeVKg/mY=,cYt8oJk8TB871aKnOfntv0gpm0U=
-16,-74,joqGTmA4lF7/Ej7V4F5BeVKg/mY=,cYt8oJk8TB871aKnOfntv0gpm0U=
-16,-76,joqGTmA4lF7/Ej7V4F5BeVKg/mY=,cYt8oJk8TB871aKnOfntv0gpm0U=
-16,-78,joqGTmA4lF7/Ej7V4F5BeVKg/mY=,cYt8oJk8TB871aKnOfntv0gpm0U=
-16,-73,joqGTmA4lF7/Ej7V4F5BeVKg/mY=,cYt8oJk8TB871aKnOfntv0gpm0U=
-1,-65,joqGTmA4lF7/Ej7V4F5BeVKg/mY=,baz8QE1CgqjukeDnnuFV/ZsSn48=
-16,-77,joqGTmA4lF7/Ej7V4F5BeVKg/mY=,cYt8oJk8TB871aKnOfntv0gpm0U=
-30,-79,NyvGJVZA9OcFprKAt2yZj3jNoYM=,IAiMDZyuYqQohk8PNxNdYYA0yzs=
-28,-79,NyvGJVZA9OcFprKAt2yZj3jNoYM=,IAiMDZyuYqQohk8PNxNdYYA0yzs=
-31,-79,NyvGJVZA9OcFprKAt2yZj3jNoYM=,IAiMDZyuYqQohk8PNxNdYYA0yzs=
-27,-79,NyvGJVZA9OcFprKAt2yZj3jNoYM=,IAiMDZyuYqQohk8PNxNdYYA0yzs=
-26,-79,NyvGJVZA9OcFprKAt2yZj3jNoYM=,IAiMDZyuYqQohk8PNxNdYYA0yzs=
-27,-74,NyvGJVZA9OcFprKAt2yZj3jNoYM=,IAiMDZyuYqQohk8PNxNdYYA0yzs=
-26,-74,NyvGJVZA9OcFprKAt2yZj3jNoYM=,IAiMDZyuYqQohk8PNxNdYYA0yzs=
-28,-74,NyvGJVZA9OcFprKAt2yZj3jNoYM=,IAiMDZyuYqQohk8PNxNdYYA0yzs=
-31,-78,NyvGJVZA9OcFprKAt2yZj3jNoYM=,IAiMDZyuYqQohk8PNxNdYYA0yzs=
-31,-74,NyvGJVZA9OcFprKAt2yZj3jNoYM=,IAiMDZyuYqQohk8PNxNdYYA0yzs=
-30,-78,NyvGJVZA9OcFprKAt2yZj3jNoYM=,IAiMDZyuYqQohk8PNxNdYYA0yzs=
-29,-74,NyvGJVZA9OcFprKAt2yZj3jNoYM=,IAiMDZyuYqQohk8PNxNdYYA0yzs=
-30,-74,NyvGJVZA9OcFprKAt2yZj3jNoYM=,IAiMDZyuYqQohk8PNxNdYYA0yzs=
-26,-75,NyvGJVZA9OcFprKAt2yZj3jNoYM=,IAiMDZyuYqQohk8PNxNdYYA0yzs=
-29,-78,NyvGJVZA9OcFprKAt2yZj3jNoYM=,IAiMDZyuYqQohk8PNxNdYYA0yzs=
-28,-75,NyvGJVZA9OcFprKAt2yZj3jNoYM=,IAiMDZyuYqQohk8PNxNdYYA0yzs=
-29,-79,NyvGJVZA9OcFprKAt2yZj3jNoYM=,IAiMDZyuYqQohk8PNxNdYYA0yzs=
-29,-75,NyvGJVZA9OcFprKAt2yZj3jNoYM=,IAiMDZyuYqQohk8PNxNdYYA0yzs=
-30,-75,NyvGJVZA9OcFprKAt2yZj3jNoYM=,IAiMDZyuYqQohk8PNxNdYYA0yzs=
-31,-75,NyvGJVZA9OcFprKAt2yZj3jNoYM=,IAiMDZyuYqQohk8PNxNdYYA0yzs=
-26,-76,NyvGJVZA9OcFprKAt2yZj3jNoYM=,IAiMDZyuYqQohk8PNxNdYYA0yzs=
-27,-76,NyvGJVZA9OcFprKAt2yZj3jNoYM=,IAiMDZyuYqQohk8PNxNdYYA0yzs=
-28,-76,NyvGJVZA9OcFprKAt2yZj3jNoYM=,IAiMDZyuYqQohk8PNxNdYYA0yzs=
-30,-76,NyvGJVZA9OcFprKAt2yZj3jNoYM=,IAiMDZyuYqQohk8PNxNdYYA0yzs=
-31,-76,NyvGJVZA9OcFprKAt2yZj3jNoYM=,IAiMDZyuYqQohk8PNxNdYYA0yzs=
-26,-77,NyvGJVZA9OcFprKAt2yZj3jNoYM=,IAiMDZyuYqQohk8PNxNdYYA0yzs=
-27,-77,NyvGJVZA9OcFprKAt2yZj3jNoYM=,IAiMDZyuYqQohk8PNxNdYYA0yzs=
-29,-77,NyvGJVZA9OcFprKAt2yZj3jNoYM=,IAiMDZyuYqQohk8PNxNdYYA0yzs=
-30,-77,NyvGJVZA9OcFprKAt2yZj3jNoYM=,IAiMDZyuYqQohk8PNxNdYYA0yzs=
-26,-78,NyvGJVZA9OcFprKAt2yZj3jNoYM=,IAiMDZyuYqQohk8PNxNdYYA0yzs=
-28,-77,NyvGJVZA9OcFprKAt2yZj3jNoYM=,IAiMDZyuYqQohk8PNxNdYYA0yzs=
-27,-78,NyvGJVZA9OcFprKAt2yZj3jNoYM=,IAiMDZyuYqQohk8PNxNdYYA0yzs=
-28,-78,NyvGJVZA9OcFprKAt2yZj3jNoYM=,IAiMDZyuYqQohk8PNxNdYYA0yzs=
-27,-75,NyvGJVZA9OcFprKAt2yZj3jNoYM=,IAiMDZyuYqQohk8PNxNdYYA0yzs=
-29,-76,NyvGJVZA9OcFprKAt2yZj3jNoYM=,IAiMDZyuYqQohk8PNxNdYYA0yzs=
-31,-77,hApMLPDQq9Jguk6ZRM8MbFudEBk=,IAiMDZyuYqQohk8PNxNdYYA0yzs=
-24,-79,hApMLPDQq9Jguk6ZRM8MbFudEBk=,RSmYM+o3k1IdVaNAKPjSGguxRRo=
-23,-79,hApMLPDQq9Jguk6ZRM8MbFudEBk=,RSmYM+o3k1IdVaNAKPjSGguxRRo=
-22,-79,hApMLPDQq9Jguk6ZRM8MbFudEBk=,RSmYM+o3k1IdVaNAKPjSGguxRRo=
-25,-74,hApMLPDQq9Jguk6ZRM8MbFudEBk=,IAiMDZyuYqQohk8PNxNdYYA0yzs=
-19,-74,hApMLPDQq9Jguk6ZRM8MbFudEBk=,RSmYM+o3k1IdVaNAKPjSGguxRRo=
-18,-74,hApMLPDQq9Jguk6ZRM8MbFudEBk=,RSmYM+o3k1IdVaNAKPjSGguxRRo=
-22,-74,hApMLPDQq9Jguk6ZRM8MbFudEBk=,RSmYM+o3k1IdVaNAKPjSGguxRRo=
-18,-75,hApMLPDQq9Jguk6ZRM8MbFudEBk=,RSmYM+o3k1IdVaNAKPjSGguxRRo=
-19,-75,hApMLPDQq9Jguk6ZRM8MbFudEBk=,RSmYM+o3k1IdVaNAKPjSGguxRRo=
-24,-74,hApMLPDQq9Jguk6ZRM8MbFudEBk=,RSmYM+o3k1IdVaNAKPjSGguxRRo=
-21,-75,hApMLPDQq9Jguk6ZRM8MbFudEBk=,RSmYM+o3k1IdVaNAKPjSGguxRRo=
-22,-75,hApMLPDQq9Jguk6ZRM8MbFudEBk=,RSmYM+o3k1IdVaNAKPjSGguxRRo=
-25,-75,hApMLPDQq9Jguk6ZRM8MbFudEBk=,IAiMDZyuYqQohk8PNxNdYYA0yzs=
-19,-76,hApMLPDQq9Jguk6ZRM8MbFudEBk=,RSmYM+o3k1IdVaNAKPjSGguxRRo=
-20,-76,hApMLPDQq9Jguk6ZRM8MbFudEBk=,RSmYM+o3k1IdVaNAKPjSGguxRRo=
-22,-76,hApMLPDQq9Jguk6ZRM8MbFudEBk=,RSmYM+o3k1IdVaNAKPjSGguxRRo=
-18,-77,hApMLPDQq9Jguk6ZRM8MbFudEBk=,RSmYM+o3k1IdVaNAKPjSGguxRRo=
-25,-76,hApMLPDQq9Jguk6ZRM8MbFudEBk=,IAiMDZyuYqQohk8PNxNdYYA0yzs=
-24,-76,hApMLPDQq9Jguk6ZRM8MbFudEBk=,RSmYM+o3k1IdVaNAKPjSGguxRRo=
-25,-77,hApMLPDQq9Jguk6ZRM8MbFudEBk=,IAiMDZyuYqQohk8PNxNdYYA0yzs=
-20,-74,hApMLPDQq9Jguk6ZRM8MbFudEBk=,RSmYM+o3k1IdVaNAKPjSGguxRRo=
-23,-75,hApMLPDQq9Jguk6ZRM8MbFudEBk=,RSmYM+o3k1IdVaNAKPjSGguxRRo=
-23,-77,hApMLPDQq9Jguk6ZRM8MbFudEBk=,RSmYM+o3k1IdVaNAKPjSGguxRRo=
-24,-77,hApMLPDQq9Jguk6ZRM8MbFudEBk=,RSmYM+o3k1IdVaNAKPjSGguxRRo=
-19,-77,hApMLPDQq9Jguk6ZRM8MbFudEBk=,RSmYM+o3k1IdVaNAKPjSGguxRRo=
-21,-77,hApMLPDQq9Jguk6ZRM8MbFudEBk=,RSmYM+o3k1IdVaNAKPjSGguxRRo=
-18,-78,hApMLPDQq9Jguk6ZRM8MbFudEBk=,RSmYM+o3k1IdVaNAKPjSGguxRRo=
-21,-78,hApMLPDQq9Jguk6ZRM8MbFudEBk=,RSmYM+o3k1IdVaNAKPjSGguxRRo=
-22,-77,hApMLPDQq9Jguk6ZRM8MbFudEBk=,RSmYM+o3k1IdVaNAKPjSGguxRRo=
-20,-78,hApMLPDQq9Jguk6ZRM8MbFudEBk=,RSmYM+o3k1IdVaNAKPjSGguxRRo=
-19,-78,hApMLPDQq9Jguk6ZRM8MbFudEBk=,RSmYM+o3k1IdVaNAKPjSGguxRRo=
-20,-77,hApMLPDQq9Jguk6ZRM8MbFudEBk=,RSmYM+o3k1IdVaNAKPjSGguxRRo=
-22,-78,hApMLPDQq9Jguk6ZRM8MbFudEBk=,RSmYM+o3k1IdVaNAKPjSGguxRRo=
-18,-79,hApMLPDQq9Jguk6ZRM8MbFudEBk=,RSmYM+o3k1IdVaNAKPjSGguxRRo=
-23,-74,hApMLPDQq9Jguk6ZRM8MbFudEBk=,RSmYM+o3k1IdVaNAKPjSGguxRRo=
-21,-79,hApMLPDQq9Jguk6ZRM8MbFudEBk=,RSmYM+o3k1IdVaNAKPjSGguxRRo=
-23,-78,hApMLPDQq9Jguk6ZRM8MbFudEBk=,RSmYM+o3k1IdVaNAKPjSGguxRRo=
-25,-79,hApMLPDQq9Jguk6ZRM8MbFudEBk=,IAiMDZyuYqQohk8PNxNdYYA0yzs=
-24,-78,hApMLPDQq9Jguk6ZRM8MbFudEBk=,RSmYM+o3k1IdVaNAKPjSGguxRRo=
-25,-78,hApMLPDQq9Jguk6ZRM8MbFudEBk=,IAiMDZyuYqQohk8PNxNdYYA0yzs=
-21,-76,hApMLPDQq9Jguk6ZRM8MbFudEBk=,RSmYM+o3k1IdVaNAKPjSGguxRRo=
-24,-75,hApMLPDQq9Jguk6ZRM8MbFudEBk=,RSmYM+o3k1IdVaNAKPjSGguxRRo=
-23,-76,hApMLPDQq9Jguk6ZRM8MbFudEBk=,RSmYM+o3k1IdVaNAKPjSGguxRRo=
-21,-74,hApMLPDQq9Jguk6ZRM8MbFudEBk=,RSmYM+o3k1IdVaNAKPjSGguxRRo=
-20,-75,hApMLPDQq9Jguk6ZRM8MbFudEBk=,RSmYM+o3k1IdVaNAKPjSGguxRRo=
-19,-79,hApMLPDQq9Jguk6ZRM8MbFudEBk=,RSmYM+o3k1IdVaNAKPjSGguxRRo=
-19,-66,hApMLPDQq9Jguk6ZRM8MbFudEBk=,vOCLtSQGX8A2SUsIehnI10NmD9E=
-29,-67,hApMLPDQq9Jguk6ZRM8MbFudEBk=,6J+3OH9O3OUyo3SJPRF5Y2C1Ors=
-20,-66,hApMLPDQq9Jguk6ZRM8MbFudEBk=,vOCLtSQGX8A2SUsIehnI10NmD9E=
-29,-73,hApMLPDQq9Jguk6ZRM8MbFudEBk=,IAiMDZyuYqQohk8PNxNdYYA0yzs=
-21,-65,hApMLPDQq9Jguk6ZRM8MbFudEBk=,vOCLtSQGX8A2SUsIehnI10NmD9E=
-19,-67,hApMLPDQq9Jguk6ZRM8MbFudEBk=,vOCLtSQGX8A2SUsIehnI10NmD9E=
-22,-65,hApMLPDQq9Jguk6ZRM8MbFudEBk=,vOCLtSQGX8A2SUsIehnI10NmD9E=
-18,-73,hApMLPDQq9Jguk6ZRM8MbFudEBk=,RSmYM+o3k1IdVaNAKPjSGguxRRo=
-31,-73,hApMLPDQq9Jguk6ZRM8MbFudEBk=,IAiMDZyuYqQohk8PNxNdYYA0yzs=
-22,-66,hApMLPDQq9Jguk6ZRM8MbFudEBk=,vOCLtSQGX8A2SUsIehnI10NmD9E=
-20,-73,hApMLPDQq9Jguk6ZRM8MbFudEBk=,RSmYM+o3k1IdVaNAKPjSGguxRRo=
-21,-66,hApMLPDQq9Jguk6ZRM8MbFudEBk=,vOCLtSQGX8A2SUsIehnI10NmD9E=
-22,-73,hApMLPDQq9Jguk6ZRM8MbFudEBk=,RSmYM+o3k1IdVaNAKPjSGguxRRo=
-23,-73,hApMLPDQq9Jguk6ZRM8MbFudEBk=,RSmYM+o3k1IdVaNAKPjSGguxRRo=
-18,-69,hApMLPDQq9Jguk6ZRM8MbFudEBk=,vOCLtSQGX8A2SUsIehnI10NmD9E=
-20,-67,hApMLPDQq9Jguk6ZRM8MbFudEBk=,vOCLtSQGX8A2SUsIehnI10NmD9E=
-18,-66,hApMLPDQq9Jguk6ZRM8MbFudEBk=,vOCLtSQGX8A2SUsIehnI10NmD9E=
-23,-66,hApMLPDQq9Jguk6ZRM8MbFudEBk=,vOCLtSQGX8A2SUsIehnI10NmD9E=
-19,-69,hApMLPDQq9Jguk6ZRM8MbFudEBk=,vOCLtSQGX8A2SUsIehnI10NmD9E=
-18,-68,hApMLPDQq9Jguk6ZRM8MbFudEBk=,vOCLtSQGX8A2SUsIehnI10NmD9E=
-22,-72,hApMLPDQq9Jguk6ZRM8MbFudEBk=,vOCLtSQGX8A2SUsIehnI10NmD9E=
-25,-68,hApMLPDQq9Jguk6ZRM8MbFudEBk=,6J+3OH9O3OUyo3SJPRF5Y2C1Ors=
-20,-69,hApMLPDQq9Jguk6ZRM8MbFudEBk=,vOCLtSQGX8A2SUsIehnI10NmD9E=
-26,-68,hApMLPDQq9Jguk6ZRM8MbFudEBk=,6J+3OH9O3OUyo3SJPRF5Y2C1Ors=
-18,-70,hApMLPDQq9Jguk6ZRM8MbFudEBk=,vOCLtSQGX8A2SUsIehnI10NmD9E=
-19,-68,hApMLPDQq9Jguk6ZRM8MbFudEBk=,vOCLtSQGX8A2SUsIehnI10NmD9E=
-23,-65,hApMLPDQq9Jguk6ZRM8MbFudEBk=,vOCLtSQGX8A2SUsIehnI10NmD9E=
-31,-67,hApMLPDQq9Jguk6ZRM8MbFudEBk=,6J+3OH9O3OUyo3SJPRF5Y2C1Ors=
-21,-68,hApMLPDQq9Jguk6ZRM8MbFudEBk=,vOCLtSQGX8A2SUsIehnI10NmD9E=
-30,-73,hApMLPDQq9Jguk6ZRM8MbFudEBk=,IAiMDZyuYqQohk8PNxNdYYA0yzs=
-22,-67,hApMLPDQq9Jguk6ZRM8MbFudEBk=,vOCLtSQGX8A2SUsIehnI10NmD9E=
-21,-67,hApMLPDQq9Jguk6ZRM8MbFudEBk=,vOCLtSQGX8A2SUsIehnI10NmD9E=
-20,-68,hApMLPDQq9Jguk6ZRM8MbFudEBk=,vOCLtSQGX8A2SUsIehnI10NmD9E=
-23,-67,hApMLPDQq9Jguk6ZRM8MbFudEBk=,vOCLtSQGX8A2SUsIehnI10NmD9E=
-27,-68,hApMLPDQq9Jguk6ZRM8MbFudEBk=,6J+3OH9O3OUyo3SJPRF5Y2C1Ors=
-21,-72,hApMLPDQq9Jguk6ZRM8MbFudEBk=,vOCLtSQGX8A2SUsIehnI10NmD9E=
-23,-68,hApMLPDQq9Jguk6ZRM8MbFudEBk=,vOCLtSQGX8A2SUsIehnI10NmD9E=
-22,-68,hApMLPDQq9Jguk6ZRM8MbFudEBk=,vOCLtSQGX8A2SUsIehnI10NmD9E=
-28,-68,hApMLPDQq9Jguk6ZRM8MbFudEBk=,6J+3OH9O3OUyo3SJPRF5Y2C1Ors=
-22,-71,hApMLPDQq9Jguk6ZRM8MbFudEBk=,vOCLtSQGX8A2SUsIehnI10NmD9E=
-19,-73,hApMLPDQq9Jguk6ZRM8MbFudEBk=,RSmYM+o3k1IdVaNAKPjSGguxRRo=
-20,-79,hApMLPDQq9Jguk6ZRM8MbFudEBk=,RSmYM+o3k1IdVaNAKPjSGguxRRo=
-21,-71,hApMLPDQq9Jguk6ZRM8MbFudEBk=,vOCLtSQGX8A2SUsIehnI10NmD9E=
-18,-72,hApMLPDQq9Jguk6ZRM8MbFudEBk=,vOCLtSQGX8A2SUsIehnI10NmD9E=
-21,-73,hApMLPDQq9Jguk6ZRM8MbFudEBk=,RSmYM+o3k1IdVaNAKPjSGguxRRo=
-23,-71,hApMLPDQq9Jguk6ZRM8MbFudEBk=,vOCLtSQGX8A2SUsIehnI10NmD9E=
-23,-72,hApMLPDQq9Jguk6ZRM8MbFudEBk=,vOCLtSQGX8A2SUsIehnI10NmD9E=
-23,-70,hApMLPDQq9Jguk6ZRM8MbFudEBk=,vOCLtSQGX8A2SUsIehnI10NmD9E=
-19,-70,hApMLPDQq9Jguk6ZRM8MbFudEBk=,vOCLtSQGX8A2SUsIehnI10NmD9E=
-29,-68,hApMLPDQq9Jguk6ZRM8MbFudEBk=,6J+3OH9O3OUyo3SJPRF5Y2C1Ors=
-30,-68,hApMLPDQq9Jguk6ZRM8MbFudEBk=,6J+3OH9O3OUyo3SJPRF5Y2C1Ors=
-21,-69,hApMLPDQq9Jguk6ZRM8MbFudEBk=,vOCLtSQGX8A2SUsIehnI10NmD9E=
-22,-70,hApMLPDQq9Jguk6ZRM8MbFudEBk=,vOCLtSQGX8A2SUsIehnI10NmD9E=
-24,-73,hApMLPDQq9Jguk6ZRM8MbFudEBk=,RSmYM+o3k1IdVaNAKPjSGguxRRo=
-18,-71,hApMLPDQq9Jguk6ZRM8MbFudEBk=,vOCLtSQGX8A2SUsIehnI10NmD9E=
-24,-69,hApMLPDQq9Jguk6ZRM8MbFudEBk=,vOCLtSQGX8A2SUsIehnI10NmD9E=
-18,-65,hApMLPDQq9Jguk6ZRM8MbFudEBk=,vOCLtSQGX8A2SUsIehnI10NmD9E=
-19,-71,hApMLPDQq9Jguk6ZRM8MbFudEBk=,vOCLtSQGX8A2SUsIehnI10NmD9E=
-20,-72,hApMLPDQq9Jguk6ZRM8MbFudEBk=,vOCLtSQGX8A2SUsIehnI10NmD9E=
-20,-65,hApMLPDQq9Jguk6ZRM8MbFudEBk=,vOCLtSQGX8A2SUsIehnI10NmD9E=
-26,-69,hApMLPDQq9Jguk6ZRM8MbFudEBk=,6J+3OH9O3OUyo3SJPRF5Y2C1Ors=
-31,-68,hApMLPDQq9Jguk6ZRM8MbFudEBk=,6J+3OH9O3OUyo3SJPRF5Y2C1Ors=
-20,-71,hApMLPDQq9Jguk6ZRM8MbFudEBk=,vOCLtSQGX8A2SUsIehnI10NmD9E=
-27,-69,hApMLPDQq9Jguk6ZRM8MbFudEBk=,6J+3OH9O3OUyo3SJPRF5Y2C1Ors=
-18,-67,hApMLPDQq9Jguk6ZRM8MbFudEBk=,vOCLtSQGX8A2SUsIehnI10NmD9E=
-25,-70,hApMLPDQq9Jguk6ZRM8MbFudEBk=,6J+3OH9O3OUyo3SJPRF5Y2C1Ors=
-31,-69,hApMLPDQq9Jguk6ZRM8MbFudEBk=,6J+3OH9O3OUyo3SJPRF5Y2C1Ors=
-29,-69,hApMLPDQq9Jguk6ZRM8MbFudEBk=,6J+3OH9O3OUyo3SJPRF5Y2C1Ors=
-26,-70,hApMLPDQq9Jguk6ZRM8MbFudEBk=,6J+3OH9O3OUyo3SJPRF5Y2C1Ors=
-28,-70,hApMLPDQq9Jguk6ZRM8MbFudEBk=,6J+3OH9O3OUyo3SJPRF5Y2C1Ors=
-28,-69,hApMLPDQq9Jguk6ZRM8MbFudEBk=,6J+3OH9O3OUyo3SJPRF5Y2C1Ors=
-30,-69,hApMLPDQq9Jguk6ZRM8MbFudEBk=,6J+3OH9O3OUyo3SJPRF5Y2C1Ors=
-27,-70,hApMLPDQq9Jguk6ZRM8MbFudEBk=,6J+3OH9O3OUyo3SJPRF5Y2C1Ors=
-30,-70,hApMLPDQq9Jguk6ZRM8MbFudEBk=,6J+3OH9O3OUyo3SJPRF5Y2C1Ors=
-26,-71,hApMLPDQq9Jguk6ZRM8MbFudEBk=,6J+3OH9O3OUyo3SJPRF5Y2C1Ors=
-28,-71,hApMLPDQq9Jguk6ZRM8MbFudEBk=,6J+3OH9O3OUyo3SJPRF5Y2C1Ors=
-29,-70,hApMLPDQq9Jguk6ZRM8MbFudEBk=,6J+3OH9O3OUyo3SJPRF5Y2C1Ors=
-25,-69,hApMLPDQq9Jguk6ZRM8MbFudEBk=,6J+3OH9O3OUyo3SJPRF5Y2C1Ors=
-31,-71,hApMLPDQq9Jguk6ZRM8MbFudEBk=,6J+3OH9O3OUyo3SJPRF5Y2C1Ors=
-30,-71,hApMLPDQq9Jguk6ZRM8MbFudEBk=,6J+3OH9O3OUyo3SJPRF5Y2C1Ors=
-27,-71,hApMLPDQq9Jguk6ZRM8MbFudEBk=,6J+3OH9O3OUyo3SJPRF5Y2C1Ors=
-32,-66,hApMLPDQq9Jguk6ZRM8MbFudEBk=,6J+3OH9O3OUyo3SJPRF5Y2C1Ors=
-32,-67,hApMLPDQq9Jguk6ZRM8MbFudEBk=,6J+3OH9O3OUyo3SJPRF5Y2C1Ors=
-25,-66,hApMLPDQq9Jguk6ZRM8MbFudEBk=,6J+3OH9O3OUyo3SJPRF5Y2C1Ors=
-32,-69,hApMLPDQq9Jguk6ZRM8MbFudEBk=,6J+3OH9O3OUyo3SJPRF5Y2C1Ors=
-32,-68,hApMLPDQq9Jguk6ZRM8MbFudEBk=,6J+3OH9O3OUyo3SJPRF5Y2C1Ors=
-26,-66,hApMLPDQq9Jguk6ZRM8MbFudEBk=,6J+3OH9O3OUyo3SJPRF5Y2C1Ors=
-27,-66,hApMLPDQq9Jguk6ZRM8MbFudEBk=,6J+3OH9O3OUyo3SJPRF5Y2C1Ors=
-28,-73,hApMLPDQq9Jguk6ZRM8MbFudEBk=,IAiMDZyuYqQohk8PNxNdYYA0yzs=
-23,-69,hApMLPDQq9Jguk6ZRM8MbFudEBk=,vOCLtSQGX8A2SUsIehnI10NmD9E=
-24,-71,hApMLPDQq9Jguk6ZRM8MbFudEBk=,vOCLtSQGX8A2SUsIehnI10NmD9E=
-20,-70,hApMLPDQq9Jguk6ZRM8MbFudEBk=,vOCLtSQGX8A2SUsIehnI10NmD9E=
-30,-67,hApMLPDQq9Jguk6ZRM8MbFudEBk=,6J+3OH9O3OUyo3SJPRF5Y2C1Ors=
-28,-72,hApMLPDQq9Jguk6ZRM8MbFudEBk=,6J+3OH9O3OUyo3SJPRF5Y2C1Ors=
-22,-69,hApMLPDQq9Jguk6ZRM8MbFudEBk=,vOCLtSQGX8A2SUsIehnI10NmD9E=
-21,-70,hApMLPDQq9Jguk6ZRM8MbFudEBk=,vOCLtSQGX8A2SUsIehnI10NmD9E=
-24,-67,hApMLPDQq9Jguk6ZRM8MbFudEBk=,vOCLtSQGX8A2SUsIehnI10NmD9E=
-31,-72,hApMLPDQq9Jguk6ZRM8MbFudEBk=,6J+3OH9O3OUyo3SJPRF5Y2C1Ors=
-29,-72,hApMLPDQq9Jguk6ZRM8MbFudEBk=,6J+3OH9O3OUyo3SJPRF5Y2C1Ors=
-30,-72,hApMLPDQq9Jguk6ZRM8MbFudEBk=,6J+3OH9O3OUyo3SJPRF5Y2C1Ors=
-28,-67,hApMLPDQq9Jguk6ZRM8MbFudEBk=,6J+3OH9O3OUyo3SJPRF5Y2C1Ors=
-30,-66,hApMLPDQq9Jguk6ZRM8MbFudEBk=,6J+3OH9O3OUyo3SJPRF5Y2C1Ors=
-28,-66,hApMLPDQq9Jguk6ZRM8MbFudEBk=,6J+3OH9O3OUyo3SJPRF5Y2C1Ors=
-29,-66,hApMLPDQq9Jguk6ZRM8MbFudEBk=,6J+3OH9O3OUyo3SJPRF5Y2C1Ors=
-31,-66,hApMLPDQq9Jguk6ZRM8MbFudEBk=,6J+3OH9O3OUyo3SJPRF5Y2C1Ors=
-25,-67,hApMLPDQq9Jguk6ZRM8MbFudEBk=,6J+3OH9O3OUyo3SJPRF5Y2C1Ors=
-27,-72,hApMLPDQq9Jguk6ZRM8MbFudEBk=,6J+3OH9O3OUyo3SJPRF5Y2C1Ors=
-27,-67,hApMLPDQq9Jguk6ZRM8MbFudEBk=,6J+3OH9O3OUyo3SJPRF5Y2C1Ors=
-27,-73,hApMLPDQq9Jguk6ZRM8MbFudEBk=,IAiMDZyuYqQohk8PNxNdYYA0yzs=
-24,-68,hApMLPDQq9Jguk6ZRM8MbFudEBk=,vOCLtSQGX8A2SUsIehnI10NmD9E=
-26,-67,hApMLPDQq9Jguk6ZRM8MbFudEBk=,6J+3OH9O3OUyo3SJPRF5Y2C1Ors=
-29,-71,hApMLPDQq9Jguk6ZRM8MbFudEBk=,6J+3OH9O3OUyo3SJPRF5Y2C1Ors=
-18,-76,hApMLPDQq9Jguk6ZRM8MbFudEBk=,RSmYM+o3k1IdVaNAKPjSGguxRRo=
-24,-72,hApMLPDQq9Jguk6ZRM8MbFudEBk=,vOCLtSQGX8A2SUsIehnI10NmD9E=
-26,-73,hApMLPDQq9Jguk6ZRM8MbFudEBk=,IAiMDZyuYqQohk8PNxNdYYA0yzs=
-32,-71,hApMLPDQq9Jguk6ZRM8MbFudEBk=,6J+3OH9O3OUyo3SJPRF5Y2C1Ors=
-25,-72,hApMLPDQq9Jguk6ZRM8MbFudEBk=,6J+3OH9O3OUyo3SJPRF5Y2C1Ors=
-25,-73,hApMLPDQq9Jguk6ZRM8MbFudEBk=,IAiMDZyuYqQohk8PNxNdYYA0yzs=
-19,-72,hApMLPDQq9Jguk6ZRM8MbFudEBk=,vOCLtSQGX8A2SUsIehnI10NmD9E=
-31,-70,hApMLPDQq9Jguk6ZRM8MbFudEBk=,6J+3OH9O3OUyo3SJPRF5Y2C1Ors=
-25,-71,hApMLPDQq9Jguk6ZRM8MbFudEBk=,6J+3OH9O3OUyo3SJPRF5Y2C1Ors=
-19,-65,hApMLPDQq9Jguk6ZRM8MbFudEBk=,vOCLtSQGX8A2SUsIehnI10NmD9E=
-24,-70,hApMLPDQq9Jguk6ZRM8MbFudEBk=,vOCLtSQGX8A2SUsIehnI10NmD9E=
-24,-66,hApMLPDQq9Jguk6ZRM8MbFudEBk=,vOCLtSQGX8A2SUsIehnI10NmD9E=
-32,-70,hApMLPDQq9Jguk6ZRM8MbFudEBk=,6J+3OH9O3OUyo3SJPRF5Y2C1Ors=
-26,-72,hApMLPDQq9Jguk6ZRM8MbFudEBk=,6J+3OH9O3OUyo3SJPRF5Y2C1Ors=
-17,-75,hApMLPDQq9Jguk6ZRM8MbFudEBk=,RSmYM+o3k1IdVaNAKPjSGguxRRo=
-17,-76,hApMLPDQq9Jguk6ZRM8MbFudEBk=,RSmYM+o3k1IdVaNAKPjSGguxRRo=
-17,-78,hApMLPDQq9Jguk6ZRM8MbFudEBk=,RSmYM+o3k1IdVaNAKPjSGguxRRo=
-32,-79,hApMLPDQq9Jguk6ZRM8MbFudEBk=,IAiMDZyuYqQohk8PNxNdYYA0yzs=
-17,-77,hApMLPDQq9Jguk6ZRM8MbFudEBk=,RSmYM+o3k1IdVaNAKPjSGguxRRo=
-17,-74,hApMLPDQq9Jguk6ZRM8MbFudEBk=,RSmYM+o3k1IdVaNAKPjSGguxRRo=
-17,-73,hApMLPDQq9Jguk6ZRM8MbFudEBk=,RSmYM+o3k1IdVaNAKPjSGguxRRo=
-17,-79,hApMLPDQq9Jguk6ZRM8MbFudEBk=,RSmYM+o3k1IdVaNAKPjSGguxRRo=
-32,-72,hApMLPDQq9Jguk6ZRM8MbFudEBk=,6J+3OH9O3OUyo3SJPRF5Y2C1Ors=
-32,-77,hApMLPDQq9Jguk6ZRM8MbFudEBk=,IAiMDZyuYqQohk8PNxNdYYA0yzs=
-17,-67,hApMLPDQq9Jguk6ZRM8MbFudEBk=,vOCLtSQGX8A2SUsIehnI10NmD9E=
-32,-75,hApMLPDQq9Jguk6ZRM8MbFudEBk=,IAiMDZyuYqQohk8PNxNdYYA0yzs=
-17,-71,hApMLPDQq9Jguk6ZRM8MbFudEBk=,vOCLtSQGX8A2SUsIehnI10NmD9E=
-32,-76,hApMLPDQq9Jguk6ZRM8MbFudEBk=,IAiMDZyuYqQohk8PNxNdYYA0yzs=
-17,-65,hApMLPDQq9Jguk6ZRM8MbFudEBk=,vOCLtSQGX8A2SUsIehnI10NmD9E=
-25,-65,hApMLPDQq9Jguk6ZRM8MbFudEBk=,6J+3OH9O3OUyo3SJPRF5Y2C1Ors=
-24,-65,hApMLPDQq9Jguk6ZRM8MbFudEBk=,vOCLtSQGX8A2SUsIehnI10NmD9E=
-32,-73,hApMLPDQq9Jguk6ZRM8MbFudEBk=,IAiMDZyuYqQohk8PNxNdYYA0yzs=
-17,-66,hApMLPDQq9Jguk6ZRM8MbFudEBk=,vOCLtSQGX8A2SUsIehnI10NmD9E=
-26,-65,hApMLPDQq9Jguk6ZRM8MbFudEBk=,6J+3OH9O3OUyo3SJPRF5Y2C1Ors=
-32,-78,hApMLPDQq9Jguk6ZRM8MbFudEBk=,IAiMDZyuYqQohk8PNxNdYYA0yzs=
-17,-69,hApMLPDQq9Jguk6ZRM8MbFudEBk=,vOCLtSQGX8A2SUsIehnI10NmD9E=
-31,-65,hApMLPDQq9Jguk6ZRM8MbFudEBk=,6J+3OH9O3OUyo3SJPRF5Y2C1Ors=
-28,-65,hApMLPDQq9Jguk6ZRM8MbFudEBk=,6J+3OH9O3OUyo3SJPRF5Y2C1Ors=
-29,-65,hApMLPDQq9Jguk6ZRM8MbFudEBk=,6J+3OH9O3OUyo3SJPRF5Y2C1Ors=
-27,-65,hApMLPDQq9Jguk6ZRM8MbFudEBk=,6J+3OH9O3OUyo3SJPRF5Y2C1Ors=
-17,-72,hApMLPDQq9Jguk6ZRM8MbFudEBk=,vOCLtSQGX8A2SUsIehnI10NmD9E=
-17,-70,hApMLPDQq9Jguk6ZRM8MbFudEBk=,vOCLtSQGX8A2SUsIehnI10NmD9E=
-32,-74,hApMLPDQq9Jguk6ZRM8MbFudEBk=,IAiMDZyuYqQohk8PNxNdYYA0yzs=
-30,-65,hApMLPDQq9Jguk6ZRM8MbFudEBk=,6J+3OH9O3OUyo3SJPRF5Y2C1Ors=
-17,-68,hApMLPDQq9Jguk6ZRM8MbFudEBk=,vOCLtSQGX8A2SUsIehnI10NmD9E=
-32,-65,hApMLPDQq9Jguk6ZRM8MbFudEBk=,6J+3OH9O3OUyo3SJPRF5Y2C1Ors=
