-59,75,IfwEogGD9f3P6h8oJnfXUBbzrXA=,gCjUH6n6XVrgLiIP8+WLaLGtN94=
-60,75,IfwEogGD9f3P6h8oJnfXUBbzrXA=,gCjUH6n6XVrgLiIP8+WLaLGtN94=
-58,75,IfwEogGD9f3P6h8oJnfXUBbzrXA=,gCjUH6n6XVrgLiIP8+WLaLGtN94=
-63,76,IfwEogGD9f3P6h8oJnfXUBbzrXA=,gCjUH6n6XVrgLiIP8+WLaLGtN94=
-61,75,IfwEogGD9f3P6h8oJnfXUBbzrXA=,gCjUH6n6XVrgLiIP8+WLaLGtN94=
-62,75,IfwEogGD9f3P6h8oJnfXUBbzrXA=,gCjUH6n6XVrgLiIP8+WLaLGtN94=
-62,76,IfwEogGD9f3P6h8oJnfXUBbzrXA=,gCjUH6n6XVrgLiIP8+WLaLGtN94=
-58,74,IfwEogGD9f3P6h8oJnfXUBbzrXA=,gCjUH6n6XVrgLiIP8+WLaLGtN94=
-63,75,IfwEogGD9f3P6h8oJnfXUBbzrXA=,gCjUH6n6XVrgLiIP8+WLaLGtN94=
-59,74,IfwEogGD9f3P6h8oJnfXUBbzrXA=,gCjUH6n6XVrgLiIP8+WLaLGtN94=
-61,76,IfwEogGD9f3P6h8oJnfXUBbzrXA=,gCjUH6n6XVrgLiIP8+WLaLGtN94=
-60,74,IfwEogGD9f3P6h8oJnfXUBbzrXA=,gCjUH6n6XVrgLiIP8+WLaLGtN94=
-61,74,IfwEogGD9f3P6h8oJnfXUBbzrXA=,gCjUH6n6XVrgLiIP8+WLaLGtN94=
-62,74,IfwEogGD9f3P6h8oJnfXUBbzrXA=,gCjUH6n6XVrgLiIP8+WLaLGtN94=
-63,74,IfwEogGD9f3P6h8oJnfXUBbzrXA=,gCjUH6n6XVrgLiIP8+WLaLGtN94=
-58,73,IfwEogGD9f3P6h8oJnfXUBbzrXA=,gCjUH6n6XVrgLiIP8+WLaLGtN94=
-59,73,IfwEogGD9f3P6h8oJnfXUBbzrXA=,gCjUH6n6XVrgLiIP8+WLaLGtN94=
-60,73,IfwEogGD9f3P6h8oJnfXUBbzrXA=,gCjUH6n6XVrgLiIP8+WLaLGtN94=
-58,78,IfwEogGD9f3P6h8oJnfXUBbzrXA=,gCjUH6n6XVrgLiIP8+WLaLGtN94=
-62,73,IfwEogGD9f3P6h8oJnfXUBbzrXA=,gCjUH6n6XVrgLiIP8+WLaLGtN94=
-60,78,IfwEogGD9f3P6h8oJnfXUBbzrXA=,gCjUH6n6XVrgLiIP8+WLaLGtN94=
-60,76,IfwEogGD9f3P6h8oJnfXUBbzrXA=,gCjUH6n6XVrgLiIP8+WLaLGtN94=
-61,73,IfwEogGD9f3P6h8oJnfXUBbzrXA=,gCjUH6n6XVrgLiIP8+WLaLGtN94=
-59,76,IfwEogGD9f3P6h8oJnfXUBbzrXA=,gCjUH6n6XVrgLiIP8+WLaLGtN94=
-63,73,IfwEogGD9f3P6h8oJnfXUBbzrXA=,gCjUH6n6XVrgLiIP8+WLaLGtN94=
-58,76,IfwEogGD9f3P6h8oJnfXUBbzrXA=,gCjUH6n6XVrgLiIP8+WLaLGtN94=
-63,77,IfwEogGD9f3P6h8oJnfXUBbzrXA=,gCjUH6n6XVrgLiIP8+WLaLGtN94=
-59,78,IfwEogGD9f3P6h8oJnfXUBbzrXA=,gCjUH6n6XVrgLiIP8+WLaLGtN94=
-51,74,IfwEogGD9f3P6h8oJnfXUBbzrXA=,yH02Rk7K1CrFWGpcGSCI8EQQfp0=
-61,78,IfwEogGD9f3P6h8oJnfXUBbzrXA=,gCjUH6n6XVrgLiIP8+WLaLGtN94=
-62,77,IfwEogGD9f3P6h8oJnfXUBbzrXA=,gCjUH6n6XVrgLiIP8+WLaLGtN94=
-61,77,IfwEogGD9f3P6h8oJnfXUBbzrXA=,gCjUH6n6XVrgLiIP8+WLaLGtN94=
-60,77,IfwEogGD9f3P6h8oJnfXUBbzrXA=,gCjUH6n6XVrgLiIP8+WLaLGtN94=
-62,78,IfwEogGD9f3P6h8oJnfXUBbzrXA=,gCjUH6n6XVrgLiIP8+WLaLGtN94=
-63,78,IfwEogGD9f3P6h8oJnfXUBbzrXA=,gCjUH6n6XVrgLiIP8+WLaLGtN94=
-58,77,IfwEogGD9f3P6h8oJnfXUBbzrXA=,gCjUH6n6XVrgLiIP8+WLaLGtN94=
-59,77,IfwEogGD9f3P6h8oJnfXUBbzrXA=,gCjUH6n6XVrgLiIP8+WLaLGtN94=
-52,74,IfwEogGD9f3P6h8oJnfXUBbzrXA=,yH02Rk7K1CrFWGpcGSCI8EQQfp0=
-54,74,IfwEogGD9f3P6h8oJnfXUBbzrXA=,yH02Rk7K1CrFWGpcGSCI8EQQfp0=
-55,74,IfwEogGD9f3P6h8oJnfXUBbzrXA=,yH02Rk7K1CrFWGpcGSCI8EQQfp0=
-53,74,IfwEogGD9f3P6h8oJnfXUBbzrXA=,yH02Rk7K1CrFWGpcGSCI8EQQfp0=
-56,74,IfwEogGD9f3P6h8oJnfXUBbzrXA=,yH02Rk7K1CrFWGpcGSCI8EQQfp0=
-51,73,IfwEogGD9f3P6h8oJnfXUBbzrXA=,yH02Rk7K1CrFWGpcGSCI8EQQfp0=
-52,73,IfwEogGD9f3P6h8oJnfXUBbzrXA=,yH02Rk7K1CrFWGpcGSCI8EQQfp0=
-54,73,IfwEogGD9f3P6h8oJnfXUBbzrXA=,yH02Rk7K1CrFWGpcGSCI8EQQfp0=
-53,73,IfwEogGD9f3P6h8oJnfXUBbzrXA=,yH02Rk7K1CrFWGpcGSCI8EQQfp0=
-57,74,IfwEogGD9f3P6h8oJnfXUBbzrXA=,gCjUH6n6XVrgLiIP8+WLaLGtN94=
-55,73,IfwEogGD9f3P6h8oJnfXUBbzrXA=,yH02Rk7K1CrFWGpcGSCI8EQQfp0=
-56,73,IfwEogGD9f3P6h8oJnfXUBbzrXA=,yH02Rk7K1CrFWGpcGSCI8EQQfp0=
-57,73,IfwEogGD9f3P6h8oJnfXUBbzrXA=,gCjUH6n6XVrgLiIP8+WLaLGtN94=
-50,78,IfwEogGD9f3P6h8oJnfXUBbzrXA=,yH02Rk7K1CrFWGpcGSCI8EQQfp0=
-57,78,IfwEogGD9f3P6h8oJnfXUBbzrXA=,gCjUH6n6XVrgLiIP8+WLaLGtN94=
-50,74,IfwEogGD9f3P6h8oJnfXUBbzrXA=,yH02Rk7K1CrFWGpcGSCI8EQQfp0=
-51,78,IfwEogGD9f3P6h8oJnfXUBbzrXA=,yH02Rk7K1CrFWGpcGSCI8EQQfp0=
-53,78,IfwEogGD9f3P6h8oJnfXUBbzrXA=,yH02Rk7K1CrFWGpcGSCI8EQQfp0=
-52,78,IfwEogGD9f3P6h8oJnfXUBbzrXA=,yH02Rk7K1CrFWGpcGSCI8EQQfp0=
-54,78,IfwEogGD9f3P6h8oJnfXUBbzrXA=,yH02Rk7K1CrFWGpcGSCI8EQQfp0=
-56,75,IfwEogGD9f3P6h8oJnfXUBbzrXA=,yH02Rk7K1CrFWGpcGSCI8EQQfp0=
-55,78,IfwEogGD9f3P6h8oJnfXUBbzrXA=,yH02Rk7K1CrFWGpcGSCI8EQQfp0=
-55,75,IfwEogGD9f3P6h8oJnfXUBbzrXA=,yH02Rk7K1CrFWGpcGSCI8EQQfp0=
-54,75,IfwEogGD9f3P6h8oJnfXUBbzrXA=,yH02Rk7K1CrFWGpcGSCI8EQQfp0=
-56,78,IfwEogGD9f3P6h8oJnfXUBbzrXA=,yH02Rk7K1CrFWGpcGSCI8EQQfp0=
-53,75,IfwEogGD9f3P6h8oJnfXUBbzrXA=,yH02Rk7K1CrFWGpcGSCI8EQQfp0=
-57,75,IfwEogGD9f3P6h8oJnfXUBbzrXA=,gCjUH6n6XVrgLiIP8+WLaLGtN94=
-50,77,IfwEogGD9f3P6h8oJnfXUBbzrXA=,yH02Rk7K1CrFWGpcGSCI8EQQfp0=
-52,75,IfwEogGD9f3P6h8oJnfXUBbzrXA=,yH02Rk7K1CrFWGpcGSCI8EQQfp0=
-51,75,IfwEogGD9f3P6h8oJnfXUBbzrXA=,yH02Rk7K1CrFWGpcGSCI8EQQfp0=
-51,77,IfwEogGD9f3P6h8oJnfXUBbzrXA=,yH02Rk7K1CrFWGpcGSCI8EQQfp0=
-50,75,IfwEogGD9f3P6h8oJnfXUBbzrXA=,yH02Rk7K1CrFWGpcGSCI8EQQfp0=
-56,76,IfwEogGD9f3P6h8oJnfXUBbzrXA=,yH02Rk7K1CrFWGpcGSCI8EQQfp0=
-55,76,IfwEogGD9f3P6h8oJnfXUBbzrXA=,yH02Rk7K1CrFWGpcGSCI8EQQfp0=
-53,77,IfwEogGD9f3P6h8oJnfXUBbzrXA=,yH02Rk7K1CrFWGpcGSCI8EQQfp0=
-54,76,IfwEogGD9f3P6h8oJnfXUBbzrXA=,yH02Rk7K1CrFWGpcGSCI8EQQfp0=
-57,76,IfwEogGD9f3P6h8oJnfXUBbzrXA=,gCjUH6n6XVrgLiIP8+WLaLGtN94=
-54,77,IfwEogGD9f3P6h8oJnfXUBbzrXA=,yH02Rk7K1CrFWGpcGSCI8EQQfp0=
-55,77,IfwEogGD9f3P6h8oJnfXUBbzrXA=,yH02Rk7K1CrFWGpcGSCI8EQQfp0=
-56,77,IfwEogGD9f3P6h8oJnfXUBbzrXA=,yH02Rk7K1CrFWGpcGSCI8EQQfp0=
-57,77,IfwEogGD9f3P6h8oJnfXUBbzrXA=,gCjUH6n6XVrgLiIP8+WLaLGtN94=
-53,76,IfwEogGD9f3P6h8oJnfXUBbzrXA=,yH02Rk7K1CrFWGpcGSCI8EQQfp0=
-50,76,IfwEogGD9f3P6h8oJnfXUBbzrXA=,yH02Rk7K1CrFWGpcGSCI8EQQfp0=
-52,76,IfwEogGD9f3P6h8oJnfXUBbzrXA=,yH02Rk7K1CrFWGpcGSCI8EQQfp0=
-51,76,IfwEogGD9f3P6h8oJnfXUBbzrXA=,yH02Rk7K1CrFWGpcGSCI8EQQfp0=
-52,77,IfwEogGD9f3P6h8oJnfXUBbzrXA=,yH02Rk7K1CrFWGpcGSCI8EQQfp0=
-59,67,IfwEogGD9f3P6h8oJnfXUBbzrXA=,vOCLtSQGX8A2SUsIehnI10NmD9E=
-58,66,IfwEogGD9f3P6h8oJnfXUBbzrXA=,vOCLtSQGX8A2SUsIehnI10NmD9E=
-58,67,IfwEogGD9f3P6h8oJnfXUBbzrXA=,vOCLtSQGX8A2SUsIehnI10NmD9E=
-51,65,IfwEogGD9f3P6h8oJnfXUBbzrXA=,vOCLtSQGX8A2SUsIehnI10NmD9E=
-58,72,IfwEogGD9f3P6h8oJnfXUBbzrXA=,gCjUH6n6XVrgLiIP8+WLaLGtN94=
-63,66,IfwEogGD9f3P6h8oJnfXUBbzrXA=,vOCLtSQGX8A2SUsIehnI10NmD9E=
-59,72,IfwEogGD9f3P6h8oJnfXUBbzrXA=,gCjUH6n6XVrgLiIP8+WLaLGtN94=
-59,66,IfwEogGD9f3P6h8oJnfXUBbzrXA=,vOCLtSQGX8A2SUsIehnI10NmD9E=
-62,67,IfwEogGD9f3P6h8oJnfXUBbzrXA=,vOCLtSQGX8A2SUsIehnI10NmD9E=
-61,67,IfwEogGD9f3P6h8oJnfXUBbzrXA=,vOCLtSQGX8A2SUsIehnI10NmD9E=
-50,65,IfwEogGD9f3P6h8oJnfXUBbzrXA=,vOCLtSQGX8A2SUsIehnI10NmD9E=
-60,72,IfwEogGD9f3P6h8oJnfXUBbzrXA=,gCjUH6n6XVrgLiIP8+WLaLGtN94=
-63,65,IfwEogGD9f3P6h8oJnfXUBbzrXA=,vOCLtSQGX8A2SUsIehnI10NmD9E=
-56,66,IfwEogGD9f3P6h8oJnfXUBbzrXA=,vOCLtSQGX8A2SUsIehnI10NmD9E=
-60,67,IfwEogGD9f3P6h8oJnfXUBbzrXA=,vOCLtSQGX8A2SUsIehnI10NmD9E=
-58,71,IfwEogGD9f3P6h8oJnfXUBbzrXA=,vOCLtSQGX8A2SUsIehnI10NmD9E=
-57,65,IfwEogGD9f3P6h8oJnfXUBbzrXA=,vOCLtSQGX8A2SUsIehnI10NmD9E=
-59,71,IfwEogGD9f3P6h8oJnfXUBbzrXA=,vOCLtSQGX8A2SUsIehnI10NmD9E=
-60,71,IfwEogGD9f3P6h8oJnfXUBbzrXA=,vOCLtSQGX8A2SUsIehnI10NmD9E=
-63,72,IfwEogGD9f3P6h8oJnfXUBbzrXA=,gCjUH6n6XVrgLiIP8+WLaLGtN94=
-61,72,IfwEogGD9f3P6h8oJnfXUBbzrXA=,gCjUH6n6XVrgLiIP8+WLaLGtN94=
-62,72,IfwEogGD9f3P6h8oJnfXUBbzrXA=,gCjUH6n6XVrgLiIP8+WLaLGtN94=
-63,68,IfwEogGD9f3P6h8oJnfXUBbzrXA=,vOCLtSQGX8A2SUsIehnI10NmD9E=
-57,66,IfwEogGD9f3P6h8oJnfXUBbzrXA=,vOCLtSQGX8A2SUsIehnI10NmD9E=
-61,71,IfwEogGD9f3P6h8oJnfXUBbzrXA=,vOCLtSQGX8A2SUsIehnI10NmD9E=
-62,71,IfwEogGD9f3P6h8oJnfXUBbzrXA=,vOCLtSQGX8A2SUsIehnI10NmD9E=
-57,67,IfwEogGD9f3P6h8oJnfXUBbzrXA=,vOCLtSQGX8A2SUsIehnI10NmD9E=
-59,70,IfwEogGD9f3P6h8oJnfXUBbzrXA=,vOCLtSQGX8A2SUsIehnI10NmD9E=
-60,70,IfwEogGD9f3P6h8oJnfXUBbzrXA=,vOCLtSQGX8A2SUsIehnI10NmD9E=
-61,70,IfwEogGD9f3P6h8oJnfXUBbzrXA=,vOCLtSQGX8A2SUsIehnI10NmD9E=
-63,71,IfwEogGD9f3P6h8oJnfXUBbzrXA=,vOCLtSQGX8A2SUsIehnI10NmD9E=
-50,73,IfwEogGD9f3P6h8oJnfXUBbzrXA=,yH02Rk7K1CrFWGpcGSCI8EQQfp0=
-63,67,IfwEogGD9f3P6h8oJnfXUBbzrXA=,vOCLtSQGX8A2SUsIehnI10NmD9E=
-58,70,IfwEogGD9f3P6h8oJnfXUBbzrXA=,vOCLtSQGX8A2SUsIehnI10NmD9E=
-55,66,IfwEogGD9f3P6h8oJnfXUBbzrXA=,vOCLtSQGX8A2SUsIehnI10NmD9E=
-60,66,IfwEogGD9f3P6h8oJnfXUBbzrXA=,vOCLtSQGX8A2SUsIehnI10NmD9E=
-54,66,IfwEogGD9f3P6h8oJnfXUBbzrXA=,vOCLtSQGX8A2SUsIehnI10NmD9E=
-62,68,IfwEogGD9f3P6h8oJnfXUBbzrXA=,vOCLtSQGX8A2SUsIehnI10NmD9E=
-56,70,IfwEogGD9f3P6h8oJnfXUBbzrXA=,vOCLtSQGX8A2SUsIehnI10NmD9E=
-50,71,IfwEogGD9f3P6h8oJnfXUBbzrXA=,vOCLtSQGX8A2SUsIehnI10NmD9E=
-58,69,IfwEogGD9f3P6h8oJnfXUBbzrXA=,vOCLtSQGX8A2SUsIehnI10NmD9E=
-61,69,IfwEogGD9f3P6h8oJnfXUBbzrXA=,vOCLtSQGX8A2SUsIehnI10NmD9E=
-62,69,IfwEogGD9f3P6h8oJnfXUBbzrXA=,vOCLtSQGX8A2SUsIehnI10NmD9E=
-53,66,IfwEogGD9f3P6h8oJnfXUBbzrXA=,vOCLtSQGX8A2SUsIehnI10NmD9E=
-59,69,IfwEogGD9f3P6h8oJnfXUBbzrXA=,vOCLtSQGX8A2SUsIehnI10NmD9E=
-62,70,IfwEogGD9f3P6h8oJnfXUBbzrXA=,vOCLtSQGX8A2SUsIehnI10NmD9E=
-63,70,IfwEogGD9f3P6h8oJnfXUBbzrXA=,vOCLtSQGX8A2SUsIehnI10NmD9E=
-63,69,IfwEogGD9f3P6h8oJnfXUBbzrXA=,vOCLtSQGX8A2SUsIehnI10NmD9E=
-59,65,IfwEogGD9f3P6h8oJnfXUBbzrXA=,vOCLtSQGX8A2SUsIehnI10NmD9E=
-60,69,IfwEogGD9f3P6h8oJnfXUBbzrXA=,vOCLtSQGX8A2SUsIehnI10NmD9E=
-61,66,IfwEogGD9f3P6h8oJnfXUBbzrXA=,vOCLtSQGX8A2SUsIehnI10NmD9E=
-52,65,IfwEogGD9f3P6h8oJnfXUBbzrXA=,vOCLtSQGX8A2SUsIehnI10NmD9E=
-60,68,IfwEogGD9f3P6h8oJnfXUBbzrXA=,vOCLtSQGX8A2SUsIehnI10NmD9E=
-58,68,IfwEogGD9f3P6h8oJnfXUBbzrXA=,vOCLtSQGX8A2SUsIehnI10NmD9E=
-51,71,IfwEogGD9f3P6h8oJnfXUBbzrXA=,vOCLtSQGX8A2SUsIehnI10NmD9E=
-60,65,IfwEogGD9f3P6h8oJnfXUBbzrXA=,vOCLtSQGX8A2SUsIehnI10NmD9E=
-52,71,IfwEogGD9f3P6h8oJnfXUBbzrXA=,vOCLtSQGX8A2SUsIehnI10NmD9E=
-53,65,IfwEogGD9f3P6h8oJnfXUBbzrXA=,vOCLtSQGX8A2SUsIehnI10NmD9E=
-53,71,IfwEogGD9f3P6h8oJnfXUBbzrXA=,vOCLtSQGX8A2SUsIehnI10NmD9E=
-52,69,IfwEogGD9f3P6h8oJnfXUBbzrXA=,vOCLtSQGX8A2SUsIehnI10NmD9E=
-55,69,IfwEogGD9f3P6h8oJnfXUBbzrXA=,vOCLtSQGX8A2SUsIehnI10NmD9E=
-54,71,IfwEogGD9f3P6h8oJnfXUBbzrXA=,vOCLtSQGX8A2SUsIehnI10NmD9E=
-56,71,IfwEogGD9f3P6h8oJnfXUBbzrXA=,vOCLtSQGX8A2SUsIehnI10NmD9E=
-53,69,IfwEogGD9f3P6h8oJnfXUBbzrXA=,vOCLtSQGX8A2SUsIehnI10NmD9E=
-54,65,IfwEogGD9f3P6h8oJnfXUBbzrXA=,vOCLtSQGX8A2SUsIehnI10NmD9E=
-56,69,IfwEogGD9f3P6h8oJnfXUBbzrXA=,vOCLtSQGX8A2SUsIehnI10NmD9E=
-50,68,IfwEogGD9f3P6h8oJnfXUBbzrXA=,vOCLtSQGX8A2SUsIehnI10NmD9E=
-58,65,IfwEogGD9f3P6h8oJnfXUBbzrXA=,vOCLtSQGX8A2SUsIehnI10NmD9E=
-55,71,IfwEogGD9f3P6h8oJnfXUBbzrXA=,vOCLtSQGX8A2SUsIehnI10NmD9E=
-56,65,IfwEogGD9f3P6h8oJnfXUBbzrXA=,vOCLtSQGX8A2SUsIehnI10NmD9E=
-62,66,IfwEogGD9f3P6h8oJnfXUBbzrXA=,vOCLtSQGX8A2SUsIehnI10NmD9E=
-62,65,IfwEogGD9f3P6h8oJnfXUBbzrXA=,vOCLtSQGX8A2SUsIehnI10NmD9E=
-55,65,IfwEogGD9f3P6h8oJnfXUBbzrXA=,vOCLtSQGX8A2SUsIehnI10NmD9E=
-54,69,IfwEogGD9f3P6h8oJnfXUBbzrXA=,vOCLtSQGX8A2SUsIehnI10NmD9E=
-51,68,IfwEogGD9f3P6h8oJnfXUBbzrXA=,vOCLtSQGX8A2SUsIehnI10NmD9E=
-57,72,IfwEogGD9f3P6h8oJnfXUBbzrXA=,gCjUH6n6XVrgLiIP8+WLaLGtN94=
-61,65,IfwEogGD9f3P6h8oJnfXUBbzrXA=,vOCLtSQGX8A2SUsIehnI10NmD9E=
-55,68,IfwEogGD9f3P6h8oJnfXUBbzrXA=,vOCLtSQGX8A2SUsIehnI10NmD9E=
-50,67,IfwEogGD9f3P6h8oJnfXUBbzrXA=,vOCLtSQGX8A2SUsIehnI10NmD9E=
-57,70,IfwEogGD9f3P6h8oJnfXUBbzrXA=,vOCLtSQGX8A2SUsIehnI10NmD9E=
-56,68,IfwEogGD9f3P6h8oJnfXUBbzrXA=,vOCLtSQGX8A2SUsIehnI10NmD9E=
-52,72,IfwEogGD9f3P6h8oJnfXUBbzrXA=,yH02Rk7K1CrFWGpcGSCI8EQQfp0=
-51,67,IfwEogGD9f3P6h8oJnfXUBbzrXA=,vOCLtSQGX8A2SUsIehnI10NmD9E=
-53,72,IfwEogGD9f3P6h8oJnfXUBbzrXA=,yH02Rk7K1CrFWGpcGSCI8EQQfp0=
-57,69,IfwEogGD9f3P6h8oJnfXUBbzrXA=,vOCLtSQGX8A2SUsIehnI10NmD9E=
-50,70,IfwEogGD9f3P6h8oJnfXUBbzrXA=,vOCLtSQGX8A2SUsIehnI10NmD9E=
-55,72,IfwEogGD9f3P6h8oJnfXUBbzrXA=,yH02Rk7K1CrFWGpcGSCI8EQQfp0=
-50,72,IfwEogGD9f3P6h8oJnfXUBbzrXA=,yH02Rk7K1CrFWGpcGSCI8EQQfp0=
-57,71,IfwEogGD9f3P6h8oJnfXUBbzrXA=,vOCLtSQGX8A2SUsIehnI10NmD9E=
-53,67,IfwEogGD9f3P6h8oJnfXUBbzrXA=,vOCLtSQGX8A2SUsIehnI10NmD9E=
-54,67,IfwEogGD9f3P6h8oJnfXUBbzrXA=,vOCLtSQGX8A2SUsIehnI10NmD9E=
-52,67,IfwEogGD9f3P6h8oJnfXUBbzrXA=,vOCLtSQGX8A2SUsIehnI10NmD9E=
-54,72,IfwEogGD9f3P6h8oJnfXUBbzrXA=,yH02Rk7K1CrFWGpcGSCI8EQQfp0=
-51,70,IfwEogGD9f3P6h8oJnfXUBbzrXA=,vOCLtSQGX8A2SUsIehnI10NmD9E=
-56,67,IfwEogGD9f3P6h8oJnfXUBbzrXA=,vOCLtSQGX8A2SUsIehnI10NmD9E=
-52,70,IfwEogGD9f3P6h8oJnfXUBbzrXA=,vOCLtSQGX8A2SUsIehnI10NmD9E=
-56,72,IfwEogGD9f3P6h8oJnfXUBbzrXA=,yH02Rk7K1CrFWGpcGSCI8EQQfp0=
-52,66,IfwEogGD9f3P6h8oJnfXUBbzrXA=,vOCLtSQGX8A2SUsIehnI10NmD9E=
-61,68,IfwEogGD9f3P6h8oJnfXUBbzrXA=,vOCLtSQGX8A2SUsIehnI10NmD9E=
-52,68,IfwEogGD9f3P6h8oJnfXUBbzrXA=,vOCLtSQGX8A2SUsIehnI10NmD9E=
-51,69,IfwEogGD9f3P6h8oJnfXUBbzrXA=,vOCLtSQGX8A2SUsIehnI10NmD9E=
-50,69,IfwEogGD9f3P6h8oJnfXUBbzrXA=,vOCLtSQGX8A2SUsIehnI10NmD9E=
-53,68,IfwEogGD9f3P6h8oJnfXUBbzrXA=,vOCLtSQGX8A2SUsIehnI10NmD9E=
-59,68,IfwEogGD9f3P6h8oJnfXUBbzrXA=,vOCLtSQGX8A2SUsIehnI10NmD9E=
-53,70,IfwEogGD9f3P6h8oJnfXUBbzrXA=,vOCLtSQGX8A2SUsIehnI10NmD9E=
-55,67,IfwEogGD9f3P6h8oJnfXUBbzrXA=,vOCLtSQGX8A2SUsIehnI10NmD9E=
-57,68,IfwEogGD9f3P6h8oJnfXUBbzrXA=,vOCLtSQGX8A2SUsIehnI10NmD9E=
-50,66,IfwEogGD9f3P6h8oJnfXUBbzrXA=,vOCLtSQGX8A2SUsIehnI10NmD9E=
-54,68,IfwEogGD9f3P6h8oJnfXUBbzrXA=,vOCLtSQGX8A2SUsIehnI10NmD9E=
-51,72,IfwEogGD9f3P6h8oJnfXUBbzrXA=,yH02Rk7K1CrFWGpcGSCI8EQQfp0=
-54,70,IfwEogGD9f3P6h8oJnfXUBbzrXA=,vOCLtSQGX8A2SUsIehnI10NmD9E=
-51,66,IfwEogGD9f3P6h8oJnfXUBbzrXA=,vOCLtSQGX8A2SUsIehnI10NmD9E=
-49,65,IfwEogGD9f3P6h8oJnfXUBbzrXA=,vOCLtSQGX8A2SUsIehnI10NmD9E=
-55,70,IfwEogGD9f3P6h8oJnfXUBbzrXA=,vOCLtSQGX8A2SUsIehnI10NmD9E=
-49,69,IfwEogGD9f3P6h8oJnfXUBbzrXA=,vOCLtSQGX8A2SUsIehnI10NmD9E=
-49,70,IfwEogGD9f3P6h8oJnfXUBbzrXA=,vOCLtSQGX8A2SUsIehnI10NmD9E=
-49,68,IfwEogGD9f3P6h8oJnfXUBbzrXA=,vOCLtSQGX8A2SUsIehnI10NmD9E=
-49,66,IfwEogGD9f3P6h8oJnfXUBbzrXA=,vOCLtSQGX8A2SUsIehnI10NmD9E=
-49,67,IfwEogGD9f3P6h8oJnfXUBbzrXA=,vOCLtSQGX8A2SUsIehnI10NmD9E=
-49,78,IfwEogGD9f3P6h8oJnfXUBbzrXA=,yH02Rk7K1CrFWGpcGSCI8EQQfp0=
-49,74,IfwEogGD9f3P6h8oJnfXUBbzrXA=,yH02Rk7K1CrFWGpcGSCI8EQQfp0=
-49,72,IfwEogGD9f3P6h8oJnfXUBbzrXA=,yH02Rk7K1CrFWGpcGSCI8EQQfp0=
-49,73,IfwEogGD9f3P6h8oJnfXUBbzrXA=,yH02Rk7K1CrFWGpcGSCI8EQQfp0=
-49,77,IfwEogGD9f3P6h8oJnfXUBbzrXA=,yH02Rk7K1CrFWGpcGSCI8EQQfp0=
-49,71,IfwEogGD9f3P6h8oJnfXUBbzrXA=,vOCLtSQGX8A2SUsIehnI10NmD9E=
-49,76,IfwEogGD9f3P6h8oJnfXUBbzrXA=,yH02Rk7K1CrFWGpcGSCI8EQQfp0=
-49,75,IfwEogGD9f3P6h8oJnfXUBbzrXA=,yH02Rk7K1CrFWGpcGSCI8EQQfp0=
-64,65,IfwEogGD9f3P6h8oJnfXUBbzrXA=,vOCLtSQGX8A2SUsIehnI10NmD9E=
-64,76,IfwEogGD9f3P6h8oJnfXUBbzrXA=,gCjUH6n6XVrgLiIP8+WLaLGtN94=
-64,70,IfwEogGD9f3P6h8oJnfXUBbzrXA=,vOCLtSQGX8A2SUsIehnI10NmD9E=
-64,68,IfwEogGD9f3P6h8oJnfXUBbzrXA=,vOCLtSQGX8A2SUsIehnI10NmD9E=
-64,66,IfwEogGD9f3P6h8oJnfXUBbzrXA=,vOCLtSQGX8A2SUsIehnI10NmD9E=
-64,75,IfwEogGD9f3P6h8oJnfXUBbzrXA=,gCjUH6n6XVrgLiIP8+WLaLGtN94=
-64,67,IfwEogGD9f3P6h8oJnfXUBbzrXA=,vOCLtSQGX8A2SUsIehnI10NmD9E=
-64,77,IfwEogGD9f3P6h8oJnfXUBbzrXA=,gCjUH6n6XVrgLiIP8+WLaLGtN94=
-64,74,IfwEogGD9f3P6h8oJnfXUBbzrXA=,gCjUH6n6XVrgLiIP8+WLaLGtN94=
-64,73,IfwEogGD9f3P6h8oJnfXUBbzrXA=,gCjUH6n6XVrgLiIP8+WLaLGtN94=
-64,78,IfwEogGD9f3P6h8oJnfXUBbzrXA=,gCjUH6n6XVrgLiIP8+WLaLGtN94=
-64,69,IfwEogGD9f3P6h8oJnfXUBbzrXA=,vOCLtSQGX8A2SUsIehnI10NmD9E=
-64,72,IfwEogGD9f3P6h8oJnfXUBbzrXA=,gCjUH6n6XVrgLiIP8+WLaLGtN94=
-64,71,IfwEogGD9f3P6h8oJnfXUBbzrXA=,vOCLtSQGX8A2SUsIehnI10NmD9E=
-63,64,IfwEogGD9f3P6h8oJnfXUBbzrXA=,vOCLtSQGX8A2SUsIehnI10NmD9E=
-59,64,IfwEogGD9f3P6h8oJnfXUBbzrXA=,vOCLtSQGX8A2SUsIehnI10NmD9E=
-58,64,IfwEogGD9f3P6h8oJnfXUBbzrXA=,vOCLtSQGX8A2SUsIehnI10NmD9E=
-61,64,IfwEogGD9f3P6h8oJnfXUBbzrXA=,vOCLtSQGX8A2SUsIehnI10NmD9E=
-60,64,IfwEogGD9f3P6h8oJnfXUBbzrXA=,vOCLtSQGX8A2SUsIehnI10NmD9E=
-62,64,IfwEogGD9f3P6h8oJnfXUBbzrXA=,vOCLtSQGX8A2SUsIehnI10NmD9E=
-50,64,IfwEogGD9f3P6h8oJnfXUBbzrXA=,vOCLtSQGX8A2SUsIehnI10NmD9E=
-51,64,IfwEogGD9f3P6h8oJnfXUBbzrXA=,vOCLtSQGX8A2SUsIehnI10NmD9E=
-57,64,IfwEogGD9f3P6h8oJnfXUBbzrXA=,vOCLtSQGX8A2SUsIehnI10NmD9E=
-52,64,IfwEogGD9f3P6h8oJnfXUBbzrXA=,vOCLtSQGX8A2SUsIehnI10NmD9E=
-54,64,IfwEogGD9f3P6h8oJnfXUBbzrXA=,vOCLtSQGX8A2SUsIehnI10NmD9E=
-55,64,IfwEogGD9f3P6h8oJnfXUBbzrXA=,vOCLtSQGX8A2SUsIehnI10NmD9E=
-56,64,IfwEogGD9f3P6h8oJnfXUBbzrXA=,vOCLtSQGX8A2SUsIehnI10NmD9E=
-53,64,IfwEogGD9f3P6h8oJnfXUBbzrXA=,vOCLtSQGX8A2SUsIehnI10NmD9E=
-64,64,IfwEogGD9f3P6h8oJnfXUBbzrXA=,vOCLtSQGX8A2SUsIehnI10NmD9E=
-49,64,IfwEogGD9f3P6h8oJnfXUBbzrXA=,vOCLtSQGX8A2SUsIehnI10NmD9E=
-43,78,vPC4ZxMwR9PNA6KHWxAVILz7H2A=,MmdIUoG1qwv63xaOkcmpg/vgh3I=
-42,78,vPC4ZxMwR9PNA6KHWxAVILz7H2A=,MmdIUoG1qwv63xaOkcmpg/vgh3I=
-44,78,vPC4ZxMwR9PNA6KHWxAVILz7H2A=,MmdIUoG1qwv63xaOkcmpg/vgh3I=
-45,78,vPC4ZxMwR9PNA6KHWxAVILz7H2A=,MmdIUoG1qwv63xaOkcmpg/vgh3I=
-46,78,vPC4ZxMwR9PNA6KHWxAVILz7H2A=,MmdIUoG1qwv63xaOkcmpg/vgh3I=
-47,78,vPC4ZxMwR9PNA6KHWxAVILz7H2A=,MmdIUoG1qwv63xaOkcmpg/vgh3I=
-42,77,vPC4ZxMwR9PNA6KHWxAVILz7H2A=,MmdIUoG1qwv63xaOkcmpg/vgh3I=
-43,77,vPC4ZxMwR9PNA6KHWxAVILz7H2A=,MmdIUoG1qwv63xaOkcmpg/vgh3I=
-45,77,vPC4ZxMwR9PNA6KHWxAVILz7H2A=,MmdIUoG1qwv63xaOkcmpg/vgh3I=
-44,77,vPC4ZxMwR9PNA6KHWxAVILz7H2A=,MmdIUoG1qwv63xaOkcmpg/vgh3I=
-47,77,vPC4ZxMwR9PNA6KHWxAVILz7H2A=,MmdIUoG1qwv63xaOkcmpg/vgh3I=
-46,77,vPC4ZxMwR9PNA6KHWxAVILz7H2A=,MmdIUoG1qwv63xaOkcmpg/vgh3I=
-42,76,vPC4ZxMwR9PNA6KHWxAVILz7H2A=,MmdIUoG1qwv63xaOkcmpg/vgh3I=
-43,76,vPC4ZxMwR9PNA6KHWxAVILz7H2A=,MmdIUoG1qwv63xaOkcmpg/vgh3I=
-44,76,vPC4ZxMwR9PNA6KHWxAVILz7H2A=,MmdIUoG1qwv63xaOkcmpg/vgh3I=
-45,76,vPC4ZxMwR9PNA6KHWxAVILz7H2A=,MmdIUoG1qwv63xaOkcmpg/vgh3I=
-46,76,vPC4ZxMwR9PNA6KHWxAVILz7H2A=,MmdIUoG1qwv63xaOkcmpg/vgh3I=
-47,76,vPC4ZxMwR9PNA6KHWxAVILz7H2A=,MmdIUoG1qwv63xaOkcmpg/vgh3I=
-43,75,vPC4ZxMwR9PNA6KHWxAVILz7H2A=,MmdIUoG1qwv63xaOkcmpg/vgh3I=
-45,75,vPC4ZxMwR9PNA6KHWxAVILz7H2A=,MmdIUoG1qwv63xaOkcmpg/vgh3I=
-44,75,vPC4ZxMwR9PNA6KHWxAVILz7H2A=,MmdIUoG1qwv63xaOkcmpg/vgh3I=
-46,75,vPC4ZxMwR9PNA6KHWxAVILz7H2A=,MmdIUoG1qwv63xaOkcmpg/vgh3I=
-47,75,vPC4ZxMwR9PNA6KHWxAVILz7H2A=,MmdIUoG1qwv63xaOkcmpg/vgh3I=
-42,75,vPC4ZxMwR9PNA6KHWxAVILz7H2A=,MmdIUoG1qwv63xaOkcmpg/vgh3I=
-44,74,vPC4ZxMwR9PNA6KHWxAVILz7H2A=,MmdIUoG1qwv63xaOkcmpg/vgh3I=
-43,74,vPC4ZxMwR9PNA6KHWxAVILz7H2A=,MmdIUoG1qwv63xaOkcmpg/vgh3I=
-45,74,vPC4ZxMwR9PNA6KHWxAVILz7H2A=,MmdIUoG1qwv63xaOkcmpg/vgh3I=
-47,74,vPC4ZxMwR9PNA6KHWxAVILz7H2A=,MmdIUoG1qwv63xaOkcmpg/vgh3I=
-46,74,vPC4ZxMwR9PNA6KHWxAVILz7H2A=,MmdIUoG1qwv63xaOkcmpg/vgh3I=
-42,74,vPC4ZxMwR9PNA6KHWxAVILz7H2A=,MmdIUoG1qwv63xaOkcmpg/vgh3I=
-42,73,vPC4ZxMwR9PNA6KHWxAVILz7H2A=,MmdIUoG1qwv63xaOkcmpg/vgh3I=
-45,73,vPC4ZxMwR9PNA6KHWxAVILz7H2A=,MmdIUoG1qwv63xaOkcmpg/vgh3I=
-46,73,vPC4ZxMwR9PNA6KHWxAVILz7H2A=,MmdIUoG1qwv63xaOkcmpg/vgh3I=
-44,73,vPC4ZxMwR9PNA6KHWxAVILz7H2A=,MmdIUoG1qwv63xaOkcmpg/vgh3I=
-43,73,vPC4ZxMwR9PNA6KHWxAVILz7H2A=,MmdIUoG1qwv63xaOkcmpg/vgh3I=
-47,73,vPC4ZxMwR9PNA6KHWxAVILz7H2A=,MmdIUoG1qwv63xaOkcmpg/vgh3I=
-38,78,vPC4ZxMwR9PNA6KHWxAVILz7H2A=,DTPP9g+OYNKxmpU6mUs2OJMEQrE=
-41,78,vPC4ZxMwR9PNA6KHWxAVILz7H2A=,MmdIUoG1qwv63xaOkcmpg/vgh3I=
-36,78,vPC4ZxMwR9PNA6KHWxAVILz7H2A=,DTPP9g+OYNKxmpU6mUs2OJMEQrE=
-35,78,vPC4ZxMwR9PNA6KHWxAVILz7H2A=,DTPP9g+OYNKxmpU6mUs2OJMEQrE=
-34,78,vPC4ZxMwR9PNA6KHWxAVILz7H2A=,DTPP9g+OYNKxmpU6mUs2OJMEQrE=
-36,77,vPC4ZxMwR9PNA6KHWxAVILz7H2A=,DTPP9g+OYNKxmpU6mUs2OJMEQrE=
-35,77,vPC4ZxMwR9PNA6KHWxAVILz7H2A=,DTPP9g+OYNKxmpU6mUs2OJMEQrE=
-41,77,vPC4ZxMwR9PNA6KHWxAVILz7H2A=,MmdIUoG1qwv63xaOkcmpg/vgh3I=
-41,76,vPC4ZxMwR9PNA6KHWxAVILz7H2A=,MmdIUoG1qwv63xaOkcmpg/vgh3I=
-34,77,vPC4ZxMwR9PNA6KHWxAVILz7H2A=,DTPP9g+OYNKxmpU6mUs2OJMEQrE=
-37,77,vPC4ZxMwR9PNA6KHWxAVILz7H2A=,DTPP9g+OYNKxmpU6mUs2OJMEQrE=
-40,77,vPC4ZxMwR9PNA6KHWxAVILz7H2A=,DTPP9g+OYNKxmpU6mUs2OJMEQrE=
-35,76,vPC4ZxMwR9PNA6KHWxAVILz7H2A=,DTPP9g+OYNKxmpU6mUs2OJMEQrE=
-38,77,vPC4ZxMwR9PNA6KHWxAVILz7H2A=,DTPP9g+OYNKxmpU6mUs2OJMEQrE=
-34,76,vPC4ZxMwR9PNA6KHWxAVILz7H2A=,DTPP9g+OYNKxmpU6mUs2OJMEQrE=
-41,75,vPC4ZxMwR9PNA6KHWxAVILz7H2A=,MmdIUoG1qwv63xaOkcmpg/vgh3I=
-36,76,vPC4ZxMwR9PNA6KHWxAVILz7H2A=,DTPP9g+OYNKxmpU6mUs2OJMEQrE=
-36,75,vPC4ZxMwR9PNA6KHWxAVILz7H2A=,DTPP9g+OYNKxmpU6mUs2OJMEQrE=
-38,76,vPC4ZxMwR9PNA6KHWxAVILz7H2A=,DTPP9g+OYNKxmpU6mUs2OJMEQrE=
-40,78,vPC4ZxMwR9PNA6KHWxAVILz7H2A=,DTPP9g+OYNKxmpU6mUs2OJMEQrE=
-39,78,vPC4ZxMwR9PNA6KHWxAVILz7H2A=,DTPP9g+OYNKxmpU6mUs2OJMEQrE=
-39,76,vPC4ZxMwR9PNA6KHWxAVILz7H2A=,DTPP9g+OYNKxmpU6mUs2OJMEQrE=
-34,75,vPC4ZxMwR9PNA6KHWxAVILz7H2A=,DTPP9g+OYNKxmpU6mUs2OJMEQrE=
-40,76,vPC4ZxMwR9PNA6KHWxAVILz7H2A=,DTPP9g+OYNKxmpU6mUs2OJMEQrE=
-35,75,vPC4ZxMwR9PNA6KHWxAVILz7H2A=,DTPP9g+OYNKxmpU6mUs2OJMEQrE=
-34,74,vPC4ZxMwR9PNA6KHWxAVILz7H2A=,DTPP9g+OYNKxmpU6mUs2OJMEQrE=
-39,75,vPC4ZxMwR9PNA6KHWxAVILz7H2A=,DTPP9g+OYNKxmpU6mUs2OJMEQrE=
-40,75,vPC4ZxMwR9PNA6KHWxAVILz7H2A=,DTPP9g+OYNKxmpU6mUs2OJMEQrE=
-41,74,vPC4ZxMwR9PNA6KHWxAVILz7H2A=,MmdIUoG1qwv63xaOkcmpg/vgh3I=
-37,75,vPC4ZxMwR9PNA6KHWxAVILz7H2A=,DTPP9g+OYNKxmpU6mUs2OJMEQrE=
-35,74,vPC4ZxMwR9PNA6KHWxAVILz7H2A=,DTPP9g+OYNKxmpU6mUs2OJMEQrE=
-39,74,vPC4ZxMwR9PNA6KHWxAVILz7H2A=,DTPP9g+OYNKxmpU6mUs2OJMEQrE=
-41,73,vPC4ZxMwR9PNA6KHWxAVILz7H2A=,MmdIUoG1qwv63xaOkcmpg/vgh3I=
-37,74,vPC4ZxMwR9PNA6KHWxAVILz7H2A=,DTPP9g+OYNKxmpU6mUs2OJMEQrE=
-36,74,vPC4ZxMwR9PNA6KHWxAVILz7H2A=,DTPP9g+OYNKxmpU6mUs2OJMEQrE=
-38,75,vPC4ZxMwR9PNA6KHWxAVILz7H2A=,DTPP9g+OYNKxmpU6mUs2OJMEQrE=
-40,74,vPC4ZxMwR9PNA6KHWxAVILz7H2A=,DTPP9g+OYNKxmpU6mUs2OJMEQrE=
-34,73,vPC4ZxMwR9PNA6KHWxAVILz7H2A=,DTPP9g+OYNKxmpU6mUs2OJMEQrE=
-36,73,vPC4ZxMwR9PNA6KHWxAVILz7H2A=,DTPP9g+OYNKxmpU6mUs2OJMEQrE=
-35,73,vPC4ZxMwR9PNA6KHWxAVILz7H2A=,DTPP9g+OYNKxmpU6mUs2OJMEQrE=
-38,74,vPC4ZxMwR9PNA6KHWxAVILz7H2A=,DTPP9g+OYNKxmpU6mUs2OJMEQrE=
-37,73,vPC4ZxMwR9PNA6KHWxAVILz7H2A=,DTPP9g+OYNKxmpU6mUs2OJMEQrE=
-39,73,vPC4ZxMwR9PNA6KHWxAVILz7H2A=,DTPP9g+OYNKxmpU6mUs2OJMEQrE=
-37,76,vPC4ZxMwR9PNA6KHWxAVILz7H2A=,DTPP9g+OYNKxmpU6mUs2OJMEQrE=
-40,73,vPC4ZxMwR9PNA6KHWxAVILz7H2A=,DTPP9g+OYNKxmpU6mUs2OJMEQrE=
-39,77,vPC4ZxMwR9PNA6KHWxAVILz7H2A=,DTPP9g+OYNKxmpU6mUs2OJMEQrE=
-38,73,vPC4ZxMwR9PNA6KHWxAVILz7H2A=,DTPP9g+OYNKxmpU6mUs2OJMEQrE=
-37,78,vPC4ZxMwR9PNA6KHWxAVILz7H2A=,DTPP9g+OYNKxmpU6mUs2OJMEQrE=
-39,69,vPC4ZxMwR9PNA6KHWxAVILz7H2A=,vOCLtSQGX8A2SUsIehnI10NmD9E=
-37,69,vPC4ZxMwR9PNA6KHWxAVILz7H2A=,vOCLtSQGX8A2SUsIehnI10NmD9E=
-38,72,vPC4ZxMwR9PNA6KHWxAVILz7H2A=,DTPP9g+OYNKxmpU6mUs2OJMEQrE=
-35,68,vPC4ZxMwR9PNA6KHWxAVILz7H2A=,vOCLtSQGX8A2SUsIehnI10NmD9E=
-36,68,vPC4ZxMwR9PNA6KHWxAVILz7H2A=,vOCLtSQGX8A2SUsIehnI10NmD9E=
-34,68,vPC4ZxMwR9PNA6KHWxAVILz7H2A=,vOCLtSQGX8A2SUsIehnI10NmD9E=
-37,72,vPC4ZxMwR9PNA6KHWxAVILz7H2A=,DTPP9g+OYNKxmpU6mUs2OJMEQrE=
-37,68,vPC4ZxMwR9PNA6KHWxAVILz7H2A=,vOCLtSQGX8A2SUsIehnI10NmD9E=
-38,68,vPC4ZxMwR9PNA6KHWxAVILz7H2A=,vOCLtSQGX8A2SUsIehnI10NmD9E=
-39,72,vPC4ZxMwR9PNA6KHWxAVILz7H2A=,DTPP9g+OYNKxmpU6mUs2OJMEQrE=
-36,67,vPC4ZxMwR9PNA6KHWxAVILz7H2A=,vOCLtSQGX8A2SUsIehnI10NmD9E=
-38,69,vPC4ZxMwR9PNA6KHWxAVILz7H2A=,vOCLtSQGX8A2SUsIehnI10NmD9E=
-38,67,vPC4ZxMwR9PNA6KHWxAVILz7H2A=,vOCLtSQGX8A2SUsIehnI10NmD9E=
-39,68,vPC4ZxMwR9PNA6KHWxAVILz7H2A=,vOCLtSQGX8A2SUsIehnI10NmD9E=
-35,66,vPC4ZxMwR9PNA6KHWxAVILz7H2A=,vOCLtSQGX8A2SUsIehnI10NmD9E=
-39,67,vPC4ZxMwR9PNA6KHWxAVILz7H2A=,vOCLtSQGX8A2SUsIehnI10NmD9E=
-37,67,vPC4ZxMwR9PNA6KHWxAVILz7H2A=,vOCLtSQGX8A2SUsIehnI10NmD9E=
-34,67,vPC4ZxMwR9PNA6KHWxAVILz7H2A=,vOCLtSQGX8A2SUsIehnI10NmD9E=
-36,66,vPC4ZxMwR9PNA6KHWxAVILz7H2A=,vOCLtSQGX8A2SUsIehnI10NmD9E=
-35,67,vPC4ZxMwR9PNA6KHWxAVILz7H2A=,vOCLtSQGX8A2SUsIehnI10NmD9E=
-36,72,vPC4ZxMwR9PNA6KHWxAVILz7H2A=,DTPP9g+OYNKxmpU6mUs2OJMEQrE=
-38,66,vPC4ZxMwR9PNA6KHWxAVILz7H2A=,vOCLtSQGX8A2SUsIehnI10NmD9E=
-34,71,vPC4ZxMwR9PNA6KHWxAVILz7H2A=,vOCLtSQGX8A2SUsIehnI10NmD9E=
-37,66,vPC4ZxMwR9PNA6KHWxAVILz7H2A=,vOCLtSQGX8A2SUsIehnI10NmD9E=
-39,71,vPC4ZxMwR9PNA6KHWxAVILz7H2A=,vOCLtSQGX8A2SUsIehnI10NmD9E=
-34,65,vPC4ZxMwR9PNA6KHWxAVILz7H2A=,vOCLtSQGX8A2SUsIehnI10NmD9E=
-35,71,vPC4ZxMwR9PNA6KHWxAVILz7H2A=,vOCLtSQGX8A2SUsIehnI10NmD9E=
-36,71,vPC4ZxMwR9PNA6KHWxAVILz7H2A=,vOCLtSQGX8A2SUsIehnI10NmD9E=
-37,65,vPC4ZxMwR9PNA6KHWxAVILz7H2A=,vOCLtSQGX8A2SUsIehnI10NmD9E=
-38,65,vPC4ZxMwR9PNA6KHWxAVILz7H2A=,vOCLtSQGX8A2SUsIehnI10NmD9E=
-39,65,vPC4ZxMwR9PNA6KHWxAVILz7H2A=,vOCLtSQGX8A2SUsIehnI10NmD9E=
-35,70,vPC4ZxMwR9PNA6KHWxAVILz7H2A=,vOCLtSQGX8A2SUsIehnI10NmD9E=
-36,70,vPC4ZxMwR9PNA6KHWxAVILz7H2A=,vOCLtSQGX8A2SUsIehnI10NmD9E=
-37,70,vPC4ZxMwR9PNA6KHWxAVILz7H2A=,vOCLtSQGX8A2SUsIehnI10NmD9E=
-38,70,vPC4ZxMwR9PNA6KHWxAVILz7H2A=,vOCLtSQGX8A2SUsIehnI10NmD9E=
-39,66,vPC4ZxMwR9PNA6KHWxAVILz7H2A=,vOCLtSQGX8A2SUsIehnI10NmD9E=
-39,70,vPC4ZxMwR9PNA6KHWxAVILz7H2A=,vOCLtSQGX8A2SUsIehnI10NmD9E=
-34,69,vPC4ZxMwR9PNA6KHWxAVILz7H2A=,vOCLtSQGX8A2SUsIehnI10NmD9E=
-37,71,vPC4ZxMwR9PNA6KHWxAVILz7H2A=,vOCLtSQGX8A2SUsIehnI10NmD9E=
-34,70,vPC4ZxMwR9PNA6KHWxAVILz7H2A=,vOCLtSQGX8A2SUsIehnI10NmD9E=
-35,72,vPC4ZxMwR9PNA6KHWxAVILz7H2A=,DTPP9g+OYNKxmpU6mUs2OJMEQrE=
-34,72,vPC4ZxMwR9PNA6KHWxAVILz7H2A=,DTPP9g+OYNKxmpU6mUs2OJMEQrE=
-36,65,vPC4ZxMwR9PNA6KHWxAVILz7H2A=,vOCLtSQGX8A2SUsIehnI10NmD9E=
-38,71,vPC4ZxMwR9PNA6KHWxAVILz7H2A=,vOCLtSQGX8A2SUsIehnI10NmD9E=
-36,69,vPC4ZxMwR9PNA6KHWxAVILz7H2A=,vOCLtSQGX8A2SUsIehnI10NmD9E=
-35,69,vPC4ZxMwR9PNA6KHWxAVILz7H2A=,vOCLtSQGX8A2SUsIehnI10NmD9E=
-34,66,vPC4ZxMwR9PNA6KHWxAVILz7H2A=,vOCLtSQGX8A2SUsIehnI10NmD9E=
-35,65,vPC4ZxMwR9PNA6KHWxAVILz7H2A=,vOCLtSQGX8A2SUsIehnI10NmD9E=
-43,69,vPC4ZxMwR9PNA6KHWxAVILz7H2A=,vOCLtSQGX8A2SUsIehnI10NmD9E=
-40,72,vPC4ZxMwR9PNA6KHWxAVILz7H2A=,DTPP9g+OYNKxmpU6mUs2OJMEQrE=
-43,70,vPC4ZxMwR9PNA6KHWxAVILz7H2A=,vOCLtSQGX8A2SUsIehnI10NmD9E=
-40,69,vPC4ZxMwR9PNA6KHWxAVILz7H2A=,vOCLtSQGX8A2SUsIehnI10NmD9E=
-46,71,vPC4ZxMwR9PNA6KHWxAVILz7H2A=,vOCLtSQGX8A2SUsIehnI10NmD9E=
-41,68,vPC4ZxMwR9PNA6KHWxAVILz7H2A=,vOCLtSQGX8A2SUsIehnI10NmD9E=
-41,67,vPC4ZxMwR9PNA6KHWxAVILz7H2A=,vOCLtSQGX8A2SUsIehnI10NmD9E=
-42,67,vPC4ZxMwR9PNA6KHWxAVILz7H2A=,vOCLtSQGX8A2SUsIehnI10NmD9E=
-41,70,vPC4ZxMwR9PNA6KHWxAVILz7H2A=,vOCLtSQGX8A2SUsIehnI10NmD9E=
-42,70,vPC4ZxMwR9PNA6KHWxAVILz7H2A=,vOCLtSQGX8A2SUsIehnI10NmD9E=
-47,70,vPC4ZxMwR9PNA6KHWxAVILz7H2A=,vOCLtSQGX8A2SUsIehnI10NmD9E=
-45,70,vPC4ZxMwR9PNA6KHWxAVILz7H2A=,vOCLtSQGX8A2SUsIehnI10NmD9E=
-47,71,vPC4ZxMwR9PNA6KHWxAVILz7H2A=,vOCLtSQGX8A2SUsIehnI10NmD9E=
-40,68,vPC4ZxMwR9PNA6KHWxAVILz7H2A=,vOCLtSQGX8A2SUsIehnI10NmD9E=
-44,69,vPC4ZxMwR9PNA6KHWxAVILz7H2A=,vOCLtSQGX8A2SUsIehnI10NmD9E=
-40,67,vPC4ZxMwR9PNA6KHWxAVILz7H2A=,vOCLtSQGX8A2SUsIehnI10NmD9E=
-46,70,vPC4ZxMwR9PNA6KHWxAVILz7H2A=,vOCLtSQGX8A2SUsIehnI10NmD9E=
-42,68,vPC4ZxMwR9PNA6KHWxAVILz7H2A=,vOCLtSQGX8A2SUsIehnI10NmD9E=
-47,67,vPC4ZxMwR9PNA6KHWxAVILz7H2A=,vOCLtSQGX8A2SUsIehnI10NmD9E=
-44,67,vPC4ZxMwR9PNA6KHWxAVILz7H2A=,vOCLtSQGX8A2SUsIehnI10NmD9E=
-45,69,vPC4ZxMwR9PNA6KHWxAVILz7H2A=,vOCLtSQGX8A2SUsIehnI10NmD9E=
-43,67,vPC4ZxMwR9PNA6KHWxAVILz7H2A=,vOCLtSQGX8A2SUsIehnI10NmD9E=
-43,68,vPC4ZxMwR9PNA6KHWxAVILz7H2A=,vOCLtSQGX8A2SUsIehnI10NmD9E=
-44,68,vPC4ZxMwR9PNA6KHWxAVILz7H2A=,vOCLtSQGX8A2SUsIehnI10NmD9E=
-40,66,vPC4ZxMwR9PNA6KHWxAVILz7H2A=,vOCLtSQGX8A2SUsIehnI10NmD9E=
-41,66,vPC4ZxMwR9PNA6KHWxAVILz7H2A=,vOCLtSQGX8A2SUsIehnI10NmD9E=
-43,66,vPC4ZxMwR9PNA6KHWxAVILz7H2A=,vOCLtSQGX8A2SUsIehnI10NmD9E=
-45,71,vPC4ZxMwR9PNA6KHWxAVILz7H2A=,vOCLtSQGX8A2SUsIehnI10NmD9E=
-42,66,vPC4ZxMwR9PNA6KHWxAVILz7H2A=,vOCLtSQGX8A2SUsIehnI10NmD9E=
-46,69,vPC4ZxMwR9PNA6KHWxAVILz7H2A=,vOCLtSQGX8A2SUsIehnI10NmD9E=
-46,68,vPC4ZxMwR9PNA6KHWxAVILz7H2A=,vOCLtSQGX8A2SUsIehnI10NmD9E=
-46,65,vPC4ZxMwR9PNA6KHWxAVILz7H2A=,vOCLtSQGX8A2SUsIehnI10NmD9E=
-44,66,vPC4ZxMwR9PNA6KHWxAVILz7H2A=,vOCLtSQGX8A2SUsIehnI10NmD9E=
-45,66,vPC4ZxMwR9PNA6KHWxAVILz7H2A=,vOCLtSQGX8A2SUsIehnI10NmD9E=
-47,65,vPC4ZxMwR9PNA6KHWxAVILz7H2A=,vOCLtSQGX8A2SUsIehnI10NmD9E=
-47,68,vPC4ZxMwR9PNA6KHWxAVILz7H2A=,vOCLtSQGX8A2SUsIehnI10NmD9E=
-40,65,vPC4ZxMwR9PNA6KHWxAVILz7H2A=,vOCLtSQGX8A2SUsIehnI10NmD9E=
-44,72,vPC4ZxMwR9PNA6KHWxAVILz7H2A=,MmdIUoG1qwv63xaOkcmpg/vgh3I=
-46,66,vPC4ZxMwR9PNA6KHWxAVILz7H2A=,vOCLtSQGX8A2SUsIehnI10NmD9E=
-41,65,vPC4ZxMwR9PNA6KHWxAVILz7H2A=,vOCLtSQGX8A2SUsIehnI10NmD9E=
-47,66,vPC4ZxMwR9PNA6KHWxAVILz7H2A=,vOCLtSQGX8A2SUsIehnI10NmD9E=
-46,72,vPC4ZxMwR9PNA6KHWxAVILz7H2A=,MmdIUoG1qwv63xaOkcmpg/vgh3I=
-42,65,vPC4ZxMwR9PNA6KHWxAVILz7H2A=,vOCLtSQGX8A2SUsIehnI10NmD9E=
-45,72,vPC4ZxMwR9PNA6KHWxAVILz7H2A=,MmdIUoG1qwv63xaOkcmpg/vgh3I=
-40,71,vPC4ZxMwR9PNA6KHWxAVILz7H2A=,vOCLtSQGX8A2SUsIehnI10NmD9E=
-45,67,vPC4ZxMwR9PNA6KHWxAVILz7H2A=,vOCLtSQGX8A2SUsIehnI10NmD9E=
-40,70,vPC4ZxMwR9PNA6KHWxAVILz7H2A=,vOCLtSQGX8A2SUsIehnI10NmD9E=
-47,72,vPC4ZxMwR9PNA6KHWxAVILz7H2A=,MmdIUoG1qwv63xaOkcmpg/vgh3I=
-41,71,vPC4ZxMwR9PNA6KHWxAVILz7H2A=,vOCLtSQGX8A2SUsIehnI10NmD9E=
-42,69,vPC4ZxMwR9PNA6KHWxAVILz7H2A=,vOCLtSQGX8A2SUsIehnI10NmD9E=
-43,65,vPC4ZxMwR9PNA6KHWxAVILz7H2A=,vOCLtSQGX8A2SUsIehnI10NmD9E=
-41,69,vPC4ZxMwR9PNA6KHWxAVILz7H2A=,vOCLtSQGX8A2SUsIehnI10NmD9E=
-46,67,vPC4ZxMwR9PNA6KHWxAVILz7H2A=,vOCLtSQGX8A2SUsIehnI10NmD9E=
-42,72,vPC4ZxMwR9PNA6KHWxAVILz7H2A=,MmdIUoG1qwv63xaOkcmpg/vgh3I=
-45,68,vPC4ZxMwR9PNA6KHWxAVILz7H2A=,vOCLtSQGX8A2SUsIehnI10NmD9E=
-41,72,vPC4ZxMwR9PNA6KHWxAVILz7H2A=,MmdIUoG1qwv63xaOkcmpg/vgh3I=
-44,70,vPC4ZxMwR9PNA6KHWxAVILz7H2A=,vOCLtSQGX8A2SUsIehnI10NmD9E=
-43,71,vPC4ZxMwR9PNA6KHWxAVILz7H2A=,vOCLtSQGX8A2SUsIehnI10NmD9E=
-44,71,vPC4ZxMwR9PNA6KHWxAVILz7H2A=,vOCLtSQGX8A2SUsIehnI10NmD9E=
-42,71,vPC4ZxMwR9PNA6KHWxAVILz7H2A=,vOCLtSQGX8A2SUsIehnI10NmD9E=
-45,65,vPC4ZxMwR9PNA6KHWxAVILz7H2A=,vOCLtSQGX8A2SUsIehnI10NmD9E=
-44,65,vPC4ZxMwR9PNA6KHWxAVILz7H2A=,vOCLtSQGX8A2SUsIehnI10NmD9E=
-47,69,vPC4ZxMwR9PNA6KHWxAVILz7H2A=,vOCLtSQGX8A2SUsIehnI10NmD9E=
-43,72,vPC4ZxMwR9PNA6KHWxAVILz7H2A=,MmdIUoG1qwv63xaOkcmpg/vgh3I=
-33,66,vPC4ZxMwR9PNA6KHWxAVILz7H2A=,vOCLtSQGX8A2SUsIehnI10NmD9E=
-33,67,vPC4ZxMwR9PNA6KHWxAVILz7H2A=,vOCLtSQGX8A2SUsIehnI10NmD9E=
-33,70,vPC4ZxMwR9PNA6KHWxAVILz7H2A=,vOCLtSQGX8A2SUsIehnI10NmD9E=
-33,68,vPC4ZxMwR9PNA6KHWxAVILz7H2A=,vOCLtSQGX8A2SUsIehnI10NmD9E=
-33,65,vPC4ZxMwR9PNA6KHWxAVILz7H2A=,vOCLtSQGX8A2SUsIehnI10NmD9E=
-33,69,vPC4ZxMwR9PNA6KHWxAVILz7H2A=,vOCLtSQGX8A2SUsIehnI10NmD9E=
-48,65,vPC4ZxMwR9PNA6KHWxAVILz7H2A=,vOCLtSQGX8A2SUsIehnI10NmD9E=
-48,70,vPC4ZxMwR9PNA6KHWxAVILz7H2A=,vOCLtSQGX8A2SUsIehnI10NmD9E=
-48,69,vPC4ZxMwR9PNA6KHWxAVILz7H2A=,vOCLtSQGX8A2SUsIehnI10NmD9E=
-48,67,vPC4ZxMwR9PNA6KHWxAVILz7H2A=,vOCLtSQGX8A2SUsIehnI10NmD9E=
-48,66,vPC4ZxMwR9PNA6KHWxAVILz7H2A=,vOCLtSQGX8A2SUsIehnI10NmD9E=
-48,72,vPC4ZxMwR9PNA6KHWxAVILz7H2A=,MmdIUoG1qwv63xaOkcmpg/vgh3I=
-48,71,vPC4ZxMwR9PNA6KHWxAVILz7H2A=,vOCLtSQGX8A2SUsIehnI10NmD9E=
-48,78,vPC4ZxMwR9PNA6KHWxAVILz7H2A=,MmdIUoG1qwv63xaOkcmpg/vgh3I=
-48,77,vPC4ZxMwR9PNA6KHWxAVILz7H2A=,MmdIUoG1qwv63xaOkcmpg/vgh3I=
-48,68,vPC4ZxMwR9PNA6KHWxAVILz7H2A=,vOCLtSQGX8A2SUsIehnI10NmD9E=
-48,75,vPC4ZxMwR9PNA6KHWxAVILz7H2A=,MmdIUoG1qwv63xaOkcmpg/vgh3I=
-48,73,vPC4ZxMwR9PNA6KHWxAVILz7H2A=,MmdIUoG1qwv63xaOkcmpg/vgh3I=
-33,78,vPC4ZxMwR9PNA6KHWxAVILz7H2A=,DTPP9g+OYNKxmpU6mUs2OJMEQrE=
-33,72,vPC4ZxMwR9PNA6KHWxAVILz7H2A=,DTPP9g+OYNKxmpU6mUs2OJMEQrE=
-33,76,vPC4ZxMwR9PNA6KHWxAVILz7H2A=,DTPP9g+OYNKxmpU6mUs2OJMEQrE=
-48,74,vPC4ZxMwR9PNA6KHWxAVILz7H2A=,MmdIUoG1qwv63xaOkcmpg/vgh3I=
-48,76,vPC4ZxMwR9PNA6KHWxAVILz7H2A=,MmdIUoG1qwv63xaOkcmpg/vgh3I=
-33,74,vPC4ZxMwR9PNA6KHWxAVILz7H2A=,DTPP9g+OYNKxmpU6mUs2OJMEQrE=
-33,71,vPC4ZxMwR9PNA6KHWxAVILz7H2A=,vOCLtSQGX8A2SUsIehnI10NmD9E=
-33,75,vPC4ZxMwR9PNA6KHWxAVILz7H2A=,DTPP9g+OYNKxmpU6mUs2OJMEQrE=
-33,73,vPC4ZxMwR9PNA6KHWxAVILz7H2A=,DTPP9g+OYNKxmpU6mUs2OJMEQrE=
-33,77,vPC4ZxMwR9PNA6KHWxAVILz7H2A=,DTPP9g+OYNKxmpU6mUs2OJMEQrE=
-46,64,vPC4ZxMwR9PNA6KHWxAVILz7H2A=,vOCLtSQGX8A2SUsIehnI10NmD9E=
-47,64,vPC4ZxMwR9PNA6KHWxAVILz7H2A=,vOCLtSQGX8A2SUsIehnI10NmD9E=
-44,64,vPC4ZxMwR9PNA6KHWxAVILz7H2A=,vOCLtSQGX8A2SUsIehnI10NmD9E=
-43,64,vPC4ZxMwR9PNA6KHWxAVILz7H2A=,vOCLtSQGX8A2SUsIehnI10NmD9E=
-42,64,vPC4ZxMwR9PNA6KHWxAVILz7H2A=,vOCLtSQGX8A2SUsIehnI10NmD9E=
-45,64,vPC4ZxMwR9PNA6KHWxAVILz7H2A=,vOCLtSQGX8A2SUsIehnI10NmD9E=
-48,64,vPC4ZxMwR9PNA6KHWxAVILz7H2A=,vOCLtSQGX8A2SUsIehnI10NmD9E=
-36,64,vPC4ZxMwR9PNA6KHWxAVILz7H2A=,vOCLtSQGX8A2SUsIehnI10NmD9E=
-40,64,vPC4ZxMwR9PNA6KHWxAVILz7H2A=,vOCLtSQGX8A2SUsIehnI10NmD9E=
-35,64,vPC4ZxMwR9PNA6KHWxAVILz7H2A=,vOCLtSQGX8A2SUsIehnI10NmD9E=
-38,64,vPC4ZxMwR9PNA6KHWxAVILz7H2A=,vOCLtSQGX8A2SUsIehnI10NmD9E=
-34,64,vPC4ZxMwR9PNA6KHWxAVILz7H2A=,vOCLtSQGX8A2SUsIehnI10NmD9E=
-37,64,vPC4ZxMwR9PNA6KHWxAVILz7H2A=,vOCLtSQGX8A2SUsIehnI10NmD9E=
-33,64,vPC4ZxMwR9PNA6KHWxAVILz7H2A=,vOCLtSQGX8A2SUsIehnI10NmD9E=
-39,64,vPC4ZxMwR9PNA6KHWxAVILz7H2A=,vOCLtSQGX8A2SUsIehnI10NmD9E=
-41,64,vPC4ZxMwR9PNA6KHWxAVILz7H2A=,vOCLtSQGX8A2SUsIehnI10NmD9E=
